loan_number,city,state,zipcode,actual_arv,rf_v2_pred_arv,abs_error_dollars,pct_error,abs_error
L20254595,Other,GA,30068,3800000,2583298.8977629,1216701.1022370998,-0.32018450058871045,-1216701.1022370998
L20254957,Charlotte,NC,28216,1150000,263208.12772053614,886791.8722794638,-0.7711233671995338,-886791.8722794638
L20254055,Other,GA,30033,1250000,657232.4237267135,592767.5762732865,-0.4742140610186292,-592767.5762732865
L20254473,Other,CO,80209,3200000,2820285.3670945936,379714.6329054064,-0.1186608227829395,-379714.6329054064
L20254140,Charlotte,NC,28205,1700000,1334979.801308478,365020.198691522,-0.2147177639361894,-365020.198691522
L20254702,Other,NC,27312,1500000,1144666.634404554,355333.36559544597,-0.23688891039696397,-355333.36559544597
L20254526,Other,IN,46077,1600000,1950997.9384996982,350997.9384996982,0.21937371156231136,350997.9384996982
L20254099,Charlotte,NC,28205,1650000,1330973.646455141,319026.353544859,-0.1933493051787024,-319026.353544859
L20254272,Other,CO,80209,2400000,2134920.8125230027,265079.18747699726,-0.11044966144874886,-265079.18747699726
L20254566,Other,NC,28804,940000,740738.3561195652,199261.6438804348,-0.21198047221322852,-199261.6438804348
L20254015,Charlotte,NC,28213,400000,213362.28232643238,186637.71767356762,-0.46659429418391907,-186637.71767356762
L20254387,Charlotte,NC,28278,415000,593480.7911480372,178480.79114803718,0.430074195537439,178480.79114803718
L20254135,Atlanta,GA,30317,1350000,1172037.6627099046,177962.3372900954,-0.13182395354821883,-177962.3372900954
L20254567,Charlotte,NC,28270,750000,573516.4736218671,176483.52637813287,-0.23531136850417717,-176483.52637813287
L20254340,Other,SC,29316,395000,218732.65067884297,176267.34932115703,-0.44624645397761276,-176267.34932115703
L20243864,Atlanta,GA,30318,440000,269114.5280568296,170885.4719431704,-0.3883760725981146,-170885.4719431704
L20254118,Atlanta,GA,30345,900000,730670.9018275313,169329.09817246872,-0.18814344241385414,-169329.09817246872
L20254085,Other,TN,37076,1000000,1156873.0675159213,156873.0675159213,0.1568730675159213,156873.0675159213
L20254154,Charlotte,NC,28270,2900000,2749486.1811228795,150513.8188771205,-0.05190131685417949,-150513.8188771205
L20254308,Charlotte,NC,28208,2160000,2019940.1879606,140059.81203939999,-0.06484250557379628,-140059.81203939999
L20254549,Other,IN,46545,215000,350199.86682666367,135199.86682666367,0.628836589891459,135199.86682666367
L20254070,Other,SC,29707,1520000,1386546.4585304223,133453.5414695777,-0.08779838254577481,-133453.5414695777
L20254515,Other,NC,28613,650000,517038.19283763826,132961.80716236174,-0.20455662640363345,-132961.80716236174
L20243866,Charlotte,NC,28227,400000,277711.90921485523,122288.09078514477,-0.30572022696286194,-122288.09078514477
L20254936,Charlotte,NC,28277,1650000,1772225.6787405147,122225.67874051468,0.07407616893364526,122225.67874051468
L20254403,Other,NC,27597,900000,1021321.0693100695,121321.06931006955,0.1348011881222995,121321.06931006955
L20254742,Other,IN,46074,1200000,1321072.128982412,121072.12898241193,0.10089344081867661,121072.12898241193
L20254630,Other,CO,80207,830000,723454.4797912261,106545.5202087739,-0.128368096637077,-106545.5202087739
L20254164,Other,MO,64109,670000,572234.4571503273,97765.54284967273,-0.14591872067115333,-97765.54284967273
L20254462,Other,GA,30518,900000,987900.6905281394,87900.69052813936,0.09766743392015484,87900.69052813936
L20243879,Other,NC,27376,550000,463080.4026256853,86919.59737431468,-0.15803563158966305,-86919.59737431468
L20243884,Charlotte,NC,28211,890000,803978.8814721019,86021.1185278981,-0.09665294216617763,-86021.1185278981
L20253953,Other,NC,27565,325000,240524.0555569312,84475.94444306879,-0.2599259829017501,-84475.94444306879
L20254291,Other,NC,27529,390000,469611.0134691541,79611.01346915407,0.20413080376706172,79611.01346915407
L20254170,Charlotte,NC,28208,2160000,2238849.7610481475,78849.76104814745,0.03650451900377197,78849.76104814745
L20254253,Atlanta,GA,30307,725000,647845.2120012882,77154.7879987118,-0.10642039723960249,-77154.7879987118
L20243891,Other,GA,30126,420000,497145.5568816186,77145.55688161863,0.1836798973371872,77145.55688161863
L20254134,Other,GA,30223,110000,185539.5046635314,75539.5046635314,0.6867227696684673,75539.5046635314
L20254726,Charlotte,NC,28211,880000,804965.8258796239,75034.17412037612,-0.08526610695497286,-75034.17412037612
L20254342,Other,SC,29072,410000,484202.26835093496,74202.26835093496,0.18098114231935356,74202.26835093496
L20254449,Charlotte,NC,28208,700000,626343.1002516871,73656.89974831289,-0.10522414249758985,-73656.89974831289
L20254375,Atlanta,GA,30310,550000,622863.8897059358,72863.88970593584,0.1324797994653379,72863.88970593584
L20254009,Other,GA,30047,380000,452828.07421475666,72828.07421475666,0.1916528268809386,72828.07421475666
L20254002,Charlotte,NC,28270,2800000,2727370.655757354,72629.3442426459,-0.025939051515230675,-72629.3442426459
L20254866,Other,NC,28328,310000,238508.62986590862,71491.37013409138,-0.230617323013198,-71491.37013409138
L20254598,Other,FL,33702,255000,325372.28883998503,70372.28883998503,0.2759697601568041,70372.28883998503
L20254488,Atlanta,GA,30310,410000,476611.3781193541,66611.37811935408,0.1624667759008636,66611.37811935408
L20254533,Other,GA,30016,605000,539125.3863379242,65874.61366207583,-0.10888365894557989,-65874.61366207583
L20243835,Other,NC,28027,310000,245959.2180041047,64040.78199589529,-0.20658316772869448,-64040.78199589529
L20243882,Other,SC,29926,800000,736052.9729100607,63947.027089939336,-0.07993378386242417,-63947.027089939336
L20254512,Atlanta,GA,30341,670000,607132.2606576515,62867.739342348534,-0.09383244677962467,-62867.739342348534
L20254283,Other,MO,64109,1300000,1237770.8930293238,62229.10697067622,-0.04786854382359709,-62229.10697067622
L20254511,Atlanta,GA,30331,1100000,1157976.017993501,57976.01799350092,0.05270547090318266,57976.01799350092
L20254501,Charlotte,NC,28203,850000,905933.2073750675,55933.20737506752,0.06580377338243237,55933.20737506752
L20254856,Other,NC,27106,445000,500909.1670067081,55909.1670067081,0.12563857754316426,55909.1670067081
L20253912,Charlotte,NC,28206,1995000,2050505.3179725162,55505.317972516175,0.0278222145225645,55505.317972516175
L20243880,Other,NC,28625,660000,604825.6089425664,55174.39105743356,-0.08359756220823267,-55174.39105743356
L20254157,Other,SC,29672,1700000,1754669.4633445323,54669.4633445323,0.032158507849724884,54669.4633445323
L20254614,Other,IN,46545,140000,194418.9152144985,54418.9152144985,0.38870653724641785,54418.9152144985
L20254163,Other,MD,21401,1300000,1246453.704894544,53546.29510545591,-0.04118945777342762,-53546.29510545591
L20254143,Other,SC,29715,300000,247816.53570042094,52183.464299579064,-0.17394488099859687,-52183.464299579064
L20243885,Charlotte,NC,28205,1200000,1148966.890801704,51033.10919829598,-0.04252759099857998,-51033.10919829598
L20254745,Charlotte,NC,28210,180000,230982.47293668246,50982.47293668246,0.283235960759347,50982.47293668246
L20254468,Other,IN,46077,320000,271288.03960317036,48711.96039682964,-0.15222487624009262,-48711.96039682964
L20254189,Other,NC,28334,310000,357148.26226796716,47148.26226796716,0.1520911686063457,47148.26226796716
L20254646,Other,MO,64116,132500,179314.8025384549,46814.80253845491,0.3533192644411691,46814.80253845491
L20254509,Charlotte,NC,28277,1250000,1204151.559533223,45848.440466776956,-0.036678752373421566,-45848.440466776956
L20254568,Other,FL,32312,400000,354154.6330709108,45845.366929089185,-0.11461341732272297,-45845.366929089185
L20241380,Other,GA,30080,540000,495035.0204849151,44964.97951508488,-0.08326848058349053,-44964.97951508488
L20254376,Other,NJ,7079,640000,684764.2343069694,44764.23430696945,0.06994411610463976,44764.23430696945
L20254213,Other,MO,63110,500000,543726.7402875384,43726.740287538385,0.08745348057507676,43726.740287538385
L20254517,Charlotte,NC,28210,515000,558172.7985260949,43172.79852609488,0.0838306767496988,43172.79852609488
L20254219,Other,NC,27263,285000,242136.13946650832,42863.86053349168,-0.15039951064383045,-42863.86053349168
L20254821,Other,NC,28052,750000,707436.8599514681,42563.14004853193,-0.056750853398042575,-42563.14004853193
L20254521,Other,TN,38120,850000,892208.8707490602,42208.87074906018,0.04965749499889433,42208.87074906018
L20254720,Other,GA,30032,320000,278054.53929121175,41945.46070878825,-0.13107956471496326,-41945.46070878825
L20254806,Other,NC,28034,360000,401279.3228978995,41279.32289789949,0.11466478582749857,41279.32289789949
L20254612,Other,IN,46545,650000,690912.2460568551,40912.246056855074,0.06294191701054627,40912.246056855074
L20243898,Other,NC,28088,265000,305902.0898645492,40902.08986454923,0.15434750892282728,40902.08986454923
L20254059,Other,MO,63038,615000,574696.8307239735,40303.16927602654,-0.06553360857890494,-40303.16927602654
L20254162,Atlanta,GA,30314,370000,329914.9289093608,40085.07109063922,-0.1083380299747006,-40085.07109063922
L20254969,Charlotte,NC,28211,630000,589941.1317307057,40058.86826929427,-0.06358550518935598,-40058.86826929427
L20254516,Other,NC,27360,200000,160325.23167248283,39674.76832751717,-0.19837384163758587,-39674.76832751717
L20254942,Indianapolis,IN,46202,700000,660606.6539571086,39393.34604289138,-0.056276208632701975,-39393.34604289138
L20254132,Other,KY,40203,170000,209371.27891110824,39371.27891110824,0.2315957583006367,39371.27891110824
L20254101,Charlotte,NC,28215,385000,345836.8438096614,39163.1561903386,-0.1017224836112691,-39163.1561903386
L20254206,Other,NC,27013,235000,195968.58920221622,39031.410797783785,-0.16609110977780334,-39031.410797783785
L20253984,Other,TN,37215,2400000,2438330.4808050985,38330.480805098545,0.01597103366879106,38330.480805098545
L20254441,Other,NC,27103,440000,401684.0222846349,38315.97771536512,-0.08708176753492074,-38315.97771536512
L20254115,Atlanta,GA,30315,300000,261961.11878143236,38038.881218567636,-0.12679627072855879,-38038.881218567636
L20254267,Other,GA,30680,225000,187651.5028131977,37348.4971868023,-0.16599332083023244,-37348.4971868023
L20254664,Charlotte,NC,28205,650000,613316.2453579421,36683.75464205793,-0.05643654560316605,-36683.75464205793
L20254628,Charlotte,NC,28210,530000,566441.2612262947,36441.26122629468,0.06875709665338618,36441.26122629468
L20254119,Atlanta,GA,30331,300000,263770.11154823576,36229.888451764244,-0.12076629483921414,-36229.888451764244
L20254938,Charlotte,NC,28210,800000,763901.6196356553,36098.38036434469,-0.04512297545543086,-36098.38036434469
L20254269,Other,OH,43551,380000,416020.77762588265,36020.77762588265,0.09479152006811223,36020.77762588265
L20254541,Other,GA,31411,1100000,1135964.7558006498,35964.75580064976,0.032695232546045234,35964.75580064976
L20254176,Other,TN,37207,1700000,1735910.511786439,35910.51178643899,0.02112383046261117,35910.51178643899
L20254016,Other,GA,30046,285000,320633.5700824424,35633.57008244243,0.12503007046471026,35633.57008244243
L20254886,Other,NC,28328,280000,244634.13931798426,35365.860682015744,-0.12630664529291338,-35365.860682015744
L20254313,Atlanta,GA,30307,1100000,1135156.3979938459,35156.397993845865,0.03196036181258715,35156.397993845865
L20254675,Other,SC,29407,665000,629857.2668667096,35142.73313329043,-0.05284621523803072,-35142.73313329043
L20254640,Charlotte,NC,28216,820000,785299.777867534,34700.222132466035,-0.04231734406398297,-34700.222132466035
L20254557,Other,CO,80031,535000,569676.8390575661,34676.83905756613,0.06481652160292735,34676.83905756613
L20254181,Other,SC,29710,330000,296163.3538589868,33836.64614101319,-0.1025352913364036,-33836.64614101319
L20254221,Other,GA,30008,410000,443758.3418918775,33758.34189187753,0.08233741924848177,33758.34189187753
L20254152,Other,NC,27615,770000,736814.3744352397,33185.625564760296,-0.04309821501916922,-33185.625564760296
L20254482,Atlanta,GA,30331,420000,452359.3775121851,32359.377512185078,0.07704613693377399,32359.377512185078
L20254333,Other,MO,63104,883000,915311.9806728723,32311.980672872276,0.036593409595551844,32311.980672872276
L20254337,Charlotte,NC,28205,300000,332207.3401817846,32207.340181784588,0.10735780060594863,32207.340181784588
L20254363,Other,SC,29115,290000,257835.89509809515,32164.10490190485,-0.11091070655829259,-32164.10490190485
L20254196,Charlotte,NC,28208,395000,427148.75102574006,32148.751025740057,0.08138924310313939,32148.751025740057
L20253999,Charlotte,NC,28215,390000,421925.7231533203,31925.723153320316,0.08186082859825722,31925.723153320316
L20254200,Charlotte,NC,28208,840000,808192.3082577384,31807.69174226164,-0.03786629969316862,-31807.69174226164
L20254965,Charlotte,NC,28208,530000,498362.8628141022,31637.137185897795,-0.05969271167150527,-31637.137185897795
L20254335,Charlotte,NC,28211,599000,567939.6216642995,31060.378335700487,-0.05185372009298913,-31060.378335700487
L20254005,Other,NC,27408,225000,255962.16170816933,30962.161708169326,0.13760960759186366,30962.161708169326
L20254356,Other,TN,37042,245000,214754.32215956636,30245.677840433636,-0.12345174628748423,-30245.677840433636
L20254424,Other,SC,29732,230000,200031.66122560762,29968.33877439238,-0.13029712510605382,-29968.33877439238
L20254840,Other,MO,63117,260000,230043.77069875153,29956.229301248473,-0.11521626654326336,-29956.229301248473
L20254395,Other,GA,30008,425000,454642.4738065171,29642.473806517082,0.0697469971918049,29642.473806517082
L20254184,Other,NC,27410,370000,340484.4975144819,29515.50248551811,-0.07977162833923813,-29515.50248551811
L20254542,Charlotte,NC,28215,380000,409488.28354851814,29488.283548518142,0.0776007461803109,29488.283548518142
L20253950,Other,NC,28451,330000,359390.14728030434,29390.147280304343,0.08906105236455862,29390.147280304343
L20254494,Other,VA,22032,585000,555992.0665285916,29007.93347140844,-0.04958621106223665,-29007.93347140844
L20254653,Other,SC,29715,420000,448769.13641921245,28769.136419212446,0.06849794385526772,28769.136419212446
L20254084,Other,GA,30062,660000,688295.5391358094,28295.539135809406,0.04287202899365061,28295.539135809406
L20254950,Other,SC,29928,2400000,2371915.763741784,28084.236258216202,-0.011701765107590084,-28084.236258216202
L20254033,Other,CO,80205,895000,922436.686410944,27436.686410943978,0.030655515542954166,27436.686410943978
L20254339,Other,GA,30269,900000,927436.0378682181,27436.037868218147,0.030484486520242386,27436.037868218147
L20254700,Other,VA,24018,450000,422719.99532027886,27280.00467972114,-0.06062223262160253,-27280.00467972114
L20254211,Other,KY,40508,175000,202152.35224277066,27152.352242770663,0.1551562985301181,27152.352242770663
L20254286,Other,FL,32824,520000,492884.30164390133,27115.69835609867,-0.05214557376172821,-27115.69835609867
L20254492,Other,NC,28054,350000,323097.9435428266,26902.05645717343,-0.07686301844906694,-26902.05645717343
L20254234,Charlotte,NC,28270,460000,486893.6959132971,26893.695913297124,0.05846455633325462,26893.695913297124
L20254381,Other,NC,27526,600000,573208.5301027149,26791.469897285104,-0.044652449828808505,-26791.469897285104
L20254188,Other,GA,30068,510000,536392.6258110702,26392.625811070204,0.05175024668837295,26392.625811070204
L20254555,Other,GA,30016,400000,373613.96013595856,26386.039864041435,-0.06596509966010358,-26386.039864041435
L20254028,Other,FL,34759,310000,283701.1822862736,26298.81771372643,-0.08483489585073041,-26298.81771372643
L20254048,Other,MO,63031,265000,238818.5173771302,26181.482622869808,-0.09879804763347097,-26181.482622869808
L20254122,Other,GA,30035,340000,314043.23683451646,25956.763165483542,-0.0763434210749516,-25956.763165483542
L20254229,Other,SC,29485,365000,339149.888532181,25850.11146781902,-0.07082222319950417,-25850.11146781902
L20254679,Other,OH,44001,370000,395806.39430766867,25806.39430766867,0.06974701164234776,25806.39430766867
L20243783,Other,NC,28173,700000,674254.43813451,25745.561865490046,-0.03677937409355721,-25745.561865490046
L20254587,Other,GA,30032,380000,354312.02858768636,25687.971412313636,-0.06759992476924641,-25687.971412313636
L20254647,Atlanta,GA,30331,750000,724371.924069826,25628.075930173974,-0.03417076790689863,-25628.075930173974
L20254607,Other,MD,20906,560000,585475.1513724354,25475.151372435386,0.04549134173649176,25475.151372435386
L20254111,Other,GA,30022,460000,485310.6705394812,25310.670539481216,0.05502319682495917,25310.670539481216
L20254683,Other,GA,30294,265000,239759.68084085136,25240.31915914864,-0.09524648739301374,-25240.31915914864
L20254641,Other,NC,28117,460000,485240.1055532105,25240.10555321048,0.05486979468089235,25240.10555321048
L20254805,Other,NC,28034,415000,440039.08912108955,25039.08912108955,0.06033515450864952,25039.08912108955
L20254477,Other,GA,30088,300000,324446.0006201016,24446.00062010158,0.08148666873367193,24446.00062010158
L20254309,Other,SC,29607,475000,450786.24171892187,24213.75828107813,-0.05097633322332238,-24213.75828107813
L20254120,Other,GA,30188,420000,444146.12122063356,24146.121220633562,0.05749076481103229,24146.121220633562
L20254543,Other,VA,23224,330000,354077.85441763996,24077.85441763996,0.07296319520496958,24077.85441763996
L20254194,Charlotte,NC,28227,350000,326105.6609393289,23894.339060671104,-0.06826954017334601,-23894.339060671104
L20254191,Other,NC,28460,370000,393787.65445781534,23787.65445781534,0.06429095799409551,23787.65445781534
L20254166,Other,VA,23224,280000,256463.9073989336,23536.092601066397,-0.08405747357523713,-23536.092601066397
L20254171,Charlotte,NC,28216,910000,933453.8160140204,23453.816014020354,0.02577342419123116,23453.816014020354
L20254535,Other,NC,27103,290000,266827.42516512686,23172.574834873143,-0.07990543046507981,-23172.574834873143
L20253981,Charlotte,NC,28216,600000,576918.2406449465,23081.75935505354,-0.03846959892508923,-23081.75935505354
L20254354,Charlotte,NC,28212,570000,547226.5574643074,22773.442535692593,-0.03995340795735543,-22773.442535692593
L20254161,Atlanta,GA,30310,410000,432616.9658660122,22616.965866012208,0.05516333138051758,22616.965866012208
L20243854,Other,NC,28054,600000,577463.12120593,22536.878794069984,-0.037561464656783304,-22536.878794069984
L20254890,Atlanta,GA,30316,500000,522280.00801665254,22280.008016652544,0.04456001603330509,22280.008016652544
L20254361,Other,MO,63034,360000,338250.87818160147,21749.121818398533,-0.060414227273329256,-21749.121818398533
L20243871,Charlotte,NC,28212,225000,246735.83496043962,21735.83496043962,0.0966037109352872,21735.83496043962
L20254296,Other,GA,30035,275000,296497.5718411936,21497.571841193596,0.07817298851343125,21497.571841193596
L20254433,Charlotte,NC,28215,440000,461415.4440584208,21415.444058420777,0.048671463769138126,21415.444058420777
L20254814,Other,NC,28052,225000,203606.21984191347,21393.780158086534,-0.09508346736927349,-21393.780158086534
L20254110,Other,OH,43123,300000,321064.1776788365,21064.17767883651,0.0702139255961217,21064.17767883651
L20254563,Other,NC,27703,305000,326049.19851206586,21049.198512065865,0.06901376561333071,21049.198512065865
L20254510,Indianapolis,IN,46236,310000,289267.1140277016,20732.88597229839,-0.06688027732999481,-20732.88597229839
L20254057,Atlanta,GA,30314,420000,399416.07754152734,20583.92245847266,-0.04900933918683967,-20583.92245847266
L20254589,Other,OH,44128,170000,190455.79405786813,20455.79405786813,0.12032820034040076,20455.79405786813
L20243896,Atlanta,GA,30318,2445000,2424561.964346746,20438.035653254017,-0.00835911478660696,-20438.035653254017
L20254560,Other,MO,63303,320000,340291.3946313472,20291.39463134721,0.06341060822296003,20291.39463134721
L20254456,Other,TN,37920,360000,339817.7038879875,20182.296112012526,-0.056061933644479235,-20182.296112012526
L20254564,Other,GA,30032,300000,319983.82350276696,19983.823502766958,0.06661274500922319,19983.823502766958
L20254452,Other,SC,29407,550000,530141.681268801,19858.31873119902,-0.03610603405672549,-19858.31873119902
L20254540,Other,MO,64134,240000,220183.31191296474,19816.68808703526,-0.08256953369598026,-19816.68808703526
L20254318,Other,NC,27529,300000,319788.08796868223,19788.08796868223,0.06596029322894077,19788.08796868223
L20254080,Charlotte,NC,28208,370000,350314.01972533413,19685.980274665868,-0.05320535209369154,-19685.980274665868
L20254091,Other,FL,34983,267500,287178.26228697214,19678.262286972138,0.07356359733447529,19678.262286972138
L20254642,Other,GA,30506,270000,250356.4085700743,19643.5914299257,-0.07275404233305814,-19643.5914299257
L20254392,Indianapolis,IN,46201,300000,280484.4402341135,19515.559765886515,-0.06505186588628839,-19515.559765886515
L20254186,Other,NC,27573,225000,205523.91834218122,19476.08165781878,-0.08656036292363903,-19476.08165781878
L20254193,Other,TN,37312,410000,428893.9361358516,18893.936135851603,0.04608277106305269,18893.936135851603
L20254327,Other,IN,46118,440000,458868.14497050265,18868.144970502646,0.04288214766023329,18868.144970502646
L20254238,Other,GA,30901,135000,153865.3869124138,18865.386912413785,0.13974360675862063,18865.386912413785
L20254649,Other,TN,37207,470000,488789.16945627145,18789.169456271455,0.03997695628993927,18789.169456271455
L20254808,Atlanta,GA,30349,245000,226359.75817756003,18640.241822439973,-0.07608261968342846,-18640.241822439973
L20254880,Charlotte,NC,28226,775000,756387.2363489597,18612.763651040266,-0.02401646922714873,-18612.763651040266
L20243870,Other,MO,63136,145000,163587.3013573464,18587.301357346412,0.1281882852230787,18587.301357346412
L20254450,Other,MD,20707,500000,518517.9976964358,18517.997696435777,0.03703599539287156,18517.997696435777
L20254490,Other,GA,30906,210000,228516.66313676862,18516.66313676862,0.08817458636556486,18516.66313676862
L20254079,Other,TN,37206,2000000,1981710.1928944408,18289.807105559157,-0.009144903552779578,-18289.807105559157
L20254434,Other,NC,28348,220000,201720.58490383235,18279.41509616765,-0.08308825043712569,-18279.41509616765
L20254431,Other,NC,28083,380000,397995.14391274535,17995.14391274535,0.04735564187564566,17995.14391274535
L20254738,Other,GA,31721,215000,197045.08069224315,17954.91930775685,-0.0835112525942179,-17954.91930775685
L20254422,Other,MO,64052,170000,187801.79257230725,17801.792572307255,0.10471642689592503,17801.792572307255
L20254025,Other,NC,27249,400000,382202.0116923671,17797.988307632913,-0.044494970769082286,-17797.988307632913
L20254834,Other,NC,28027,320000,337754.1545480298,17754.154548029823,0.0554817329625932,17754.154548029823
L20254538,Other,VA,22042,700000,717672.2532421378,17672.253242137842,0.025246076060196916,17672.253242137842
L20243653,Other,NC,28052,290000,272432.2578500962,17567.74214990379,-0.060578421206564786,-17567.74214990379
L20254383,Other,GA,30281,265000,282547.73071056633,17547.730710566335,0.06621785173798617,17547.730710566335
L20254822,Atlanta,GA,30315,420000,402564.18178976595,17435.81821023405,-0.04151385288150965,-17435.81821023405
L20254050,Other,NC,27529,390000,407140.59179781104,17140.591797811037,0.04395023537900266,17140.591797811037
L20254088,Other,NC,28147,280000,262868.9878158275,17131.01218417252,-0.061182186372044714,-17131.01218417252
L20254067,Other,NC,27288,235000,217913.81431773122,17086.185682268784,-0.07270717311603737,-17086.185682268784
L20243901,Other,NC,27529,285000,268070.57344615296,16929.426553847035,-0.059401496680165033,-16929.426553847035
L20254021,Other,KY,40324,419430,402673.75129034003,16756.248709659965,-0.039950048183630085,-16756.248709659965
L20220206,Other,NC,28601,295275,311954.9755185088,16679.975518508814,0.05648963006860999,16679.975518508814
L20254604,Charlotte,NC,28205,710000,726665.313983231,16665.313983230968,0.023472273215818264,16665.313983230968
L20254218,Other,GA,30032,365000,381645.4470570433,16645.44705704332,0.04560396453984471,16645.44705704332
L20254248,Other,NC,27040,510000,526639.3435481167,16639.34354811674,0.03262616381983675,16639.34354811674
L20254481,Other,MD,21061,410000,426611.2897775323,16611.289777532278,0.04051534092081043,16611.289777532278
L20243877,Other,GA,30815,170000,186566.1307827265,16566.130782726512,0.09744782813368537,16566.130782726512
L20254138,Other,NC,27407,300000,316547.75899944396,16547.758999443962,0.055159196664813205,16547.758999443962
L20254971,Other,MO,63112,395000,378472.282381865,16527.71761813498,-0.041842323083886024,-16527.71761813498
L20254097,Other,TN,37419,280000,296445.1907430306,16445.190743030573,0.05873282408225205,16445.190743030573
L20254380,Other,NC,28115,290000,306436.81599027634,16436.815990276344,0.05667867582853912,16436.815990276344
L20254554,Other,GA,30135,270000,253592.29885080262,16407.701149197383,-0.06076926351554586,-16407.701149197383
L20254255,Other,GA,30337,400000,383632.40132416843,16367.59867583157,-0.04091899668957893,-16367.59867583157
L20254068,Other,GA,30344,355000,371304.44817195943,16304.448171959433,0.04592802301960404,16304.448171959433
L20254032,Indianapolis,IN,46278,250000,266183.140738983,16183.140738982998,0.064732562955932,16183.140738982998
L20254539,Other,GA,30032,210000,226150.61156817403,16150.611568174034,0.07690767413416207,16150.611568174034
L20254131,Other,NC,27540,500000,483868.22657029994,16131.773429700057,-0.03226354685940011,-16131.773429700057
L20254252,Other,GA,31021,240000,223919.011396539,16080.98860346101,-0.06700411918108753,-16080.98860346101
L20254639,Other,NC,27701,450000,466029.1234298084,16029.123429808416,0.03562027428846315,16029.123429808416
L20254496,Other,NC,27705,420000,404028.5972775205,15971.402722479485,-0.03802714933923687,-15971.402722479485
L20254053,Other,SC,29642,440000,455966.37128524424,15966.37128524424,0.03628720746646418,15966.37128524424
L20254223,Other,AL,35601,310000,325794.21031417634,15794.210314176336,0.05094906552960109,15794.210314176336
L20254045,Other,NC,28304,257000,272774.3331627457,15774.333162745694,0.06137872825971087,15774.333162745694
L20254413,Other,TN,37216,480000,464253.80159297504,15746.19840702496,-0.032804580014635334,-15746.19840702496
L20254523,Other,NC,27360,170000,154319.6910969986,15680.308903001394,-0.09223711119412585,-15680.308903001394
L20254398,Other,GA,30064,500000,484342.8814226343,15657.118577365705,-0.03131423715473141,-15657.118577365705
L20253975,Other,NC,28540,225000,209357.13936580502,15642.860634194978,-0.06952382504086657,-15642.860634194978
L20254489,Other,SC,29640,195000,210605.2407664995,15605.240766499512,0.08002687572563852,15605.240766499512
L20254474,Other,NC,27707,500000,484460.191480597,15539.808519402985,-0.03107961703880597,-15539.808519402985
L20242547,Other,GA,30030,950000,965384.8434320234,15384.843432023423,0.016194572033708866,15384.843432023423
L20243888,Atlanta,GA,30331,465000,480304.69720660924,15304.697206609242,0.03291332732604138,15304.697206609242
L20254816,Other,GA,30260,255000,270255.910117607,15255.910117606982,0.059827098500419534,15255.910117606982
L20253907,Charlotte,NC,28217,370000,354778.16919355973,15221.830806440266,-0.04114008326064937,-15221.830806440266
L20254311,Other,TN,37920,210000,194828.77396676686,15171.226033233135,-0.07224393349158637,-15171.226033233135
L20254528,Other,NC,28301,185000,200137.8380420074,15137.83804200741,0.08182615157841844,15137.83804200741
L20254519,Other,NC,28052,250000,234911.9927551045,15088.007244895503,-0.060352028979582015,-15088.007244895503
L20254644,Other,VA,23503,330000,345027.0486373647,15027.0486373647,0.045536511022317275,15027.0486373647
L20254299,Other,GA,30141,245000,259998.73838630013,14998.73838630013,0.06121934035224543,14998.73838630013
L20253968,Indianapolis,IN,46228,270000,284940.85504232126,14940.855042321258,0.0553365001567454,14940.855042321258
L20254298,Other,GA,30039,320000,334922.07365828275,14922.073658282752,0.0466314801821336,14922.073658282752
L20254323,Other,NC,27713,420000,434919.94759602775,14919.947596027749,0.03552368475244702,14919.947596027749
L20254777,Other,NC,27107,150000,164890.21143262956,14890.211432629556,0.09926807621753038,14890.211432629556
L20254618,Other,NC,28105,350000,364885.8862513933,14885.886251393298,0.04253110357540942,14885.886251393298
L20254405,Other,VA,23223,315000,300143.94933450397,14856.050665496034,-0.047162065604749316,-14856.050665496034
L20253949,Other,NC,27707,340000,325155.5194984091,14844.480501590879,-0.043660236769384936,-14844.480501590879
L20254039,Other,GA,30344,230000,215249.67459335068,14750.325406649325,-0.0641318495941275,-14750.325406649325
L20254007,Charlotte,NC,28209,670000,655314.4846780752,14685.515321924817,-0.021918679584962412,-14685.515321924817
L20254263,Other,TN,37075,425000,410432.833582081,14567.166417918983,-0.03427568568922114,-14567.166417918983
L20254304,Other,IN,47304,190000,204454.64391424114,14454.64391424114,0.07607707323284811,14454.64391424114
L20254187,Other,SC,29662,270000,284121.4380845388,14121.438084538793,0.052301622535328864,14121.438084538793
L20253982,Other,OH,45241,222000,236075.4121130787,14075.412113078695,0.06340275726612025,14075.412113078695
L20243887,Other,MO,64064,360000,345987.0866298303,14012.9133701697,-0.038924759361582496,-14012.9133701697
L20254151,Charlotte,NC,28205,390000,404008.33212488797,14008.332124887966,0.035918800320225555,14008.332124887966
L20254390,Other,KS,66102,150000,163942.8908474785,13942.890847478498,0.09295260564985666,13942.890847478498
L20254844,Other,VA,20121,610000,596097.2195237348,13902.780476265238,-0.022791443403713505,-13902.780476265238
L20254506,Other,GA,30032,330000,343816.93381277163,13816.933812771633,0.04186949640233828,13816.933812771633
L20254748,Other,GA,30132,295000,308707.54796580435,13707.547965804348,0.046466264290862196,13707.547965804348
L20254031,Other,MO,63111,240000,253645.09021890973,13645.090218909725,0.05685454257879052,13645.090218909725
L20253917,Other,NC,28645,515000,501385.5101961469,13614.489803853096,-0.026435902531753583,-13614.489803853096
L20254455,Charlotte,NC,28214,450000,463572.84521495365,13572.845214953646,0.030161878255452548,13572.845214953646
L20253959,Other,MO,63031,210000,223542.8932708453,13542.893270845292,0.06448996795640616,13542.893270845292
L20254621,Other,VA,23608,260000,246531.79907265434,13468.200927345664,-0.051800772797483324,-13468.200927345664
L20254246,Other,NC,28054,385000,398463.21808197076,13463.218081970757,0.03496939761550846,13463.218081970757
L20254592,Other,GA,30034,320000,333381.71779671917,13381.717796719167,0.0418178681147474,13381.717796719167
L20254765,Other,NC,28152,310000,323308.0049938737,13308.004993873707,0.042929048367334535,13308.004993873707
L20254330,Other,GA,30189,370000,383153.2540634005,13153.254063400498,0.03554933530648783,13153.254063400498
L20254322,Other,NC,27545,250000,237013.73035091427,12986.269649085734,-0.05194507859634294,-12986.269649085734
L20254037,Other,GA,30248,330000,342953.46668130526,12953.46668130526,0.03925292933728867,12953.46668130526
L20253971,Indianapolis,IN,46235,190000,202941.26340599725,12941.263405997248,0.06811191266314341,12941.263405997248
L20254687,Atlanta,GA,30314,238000,225074.3457457432,12925.654254256806,-0.0543094716565412,-12925.654254256806
L20254498,Other,OH,45241,665000,652141.5871832569,12858.412816743134,-0.019335959122922006,-12858.412816743134
L20254518,Other,NC,27101,250000,237332.4514832935,12667.548516706505,-0.05067019406682602,-12667.548516706505
L20253948,Other,SC,29073,225000,212524.13971753223,12475.860282467766,-0.05544826792207896,-12475.860282467766
L20253988,Other,GA,30294,225000,237463.98094053625,12463.980940536247,0.05539547084682776,12463.980940536247
L20254485,Other,SC,29485,470000,482303.74976399675,12303.749763996748,0.026178190987227123,12303.749763996748
L20254062,Other,GA,30064,525000,512724.9331084848,12275.06689151522,-0.023381079793362323,-12275.06689151522
L20254740,Other,OH,44121,230000,217727.68163313827,12272.318366861728,-0.05335790594287708,-12272.318366861728
L20254724,Other,GA,30058,275000,262814.5829115581,12185.4170884419,-0.04431060759433418,-12185.4170884419
L20243902,Other,FL,33055,630000,617995.3599755303,12004.6400244697,-0.01905498416582492,-12004.6400244697
L20254010,Other,NC,27405,212500,224434.03771033598,11934.037710335979,0.05616017746040461,11934.037710335979
L20254440,Other,TN,37127,370000,381884.35198365053,11884.35198365053,0.03211987022608251,11884.35198365053
L20254479,Other,NC,28034,260000,248130.9959993588,11869.004000641202,-0.04565001538708154,-11869.004000641202
L20254629,Other,VA,24501,245000,256844.05108220657,11844.05108220657,0.048343065641659466,11844.05108220657
L20254284,Other,SC,29405,330000,318160.5762146517,11839.423785348306,-0.035877041773782745,-11839.423785348306
L20254239,Other,NC,27587,720000,708161.7308596475,11838.269140352495,-0.0164420404727118,-11838.269140352495
L20254884,Other,TN,37406,250000,261726.57678472225,11726.576784722245,0.04690630713888898,11726.576784722245
L20254577,Other,NC,27405,220000,208337.14985957788,11662.850140422117,-0.053012955183736894,-11662.850140422117
L20254484,Other,CO,80503,539000,527362.154309913,11637.84569008695,-0.021591550445430333,-11637.84569008695
L20254917,Other,NC,28012,375000,386580.2477739183,11580.247773918323,0.030880660730448862,11580.247773918323
L20243904,Other,NC,28304,205000,216531.00268335335,11531.002683353348,0.05624879357733341,11531.002683353348
L20254429,Other,VA,23607,220000,208703.92856612918,11296.07143387082,-0.051345779244867364,-11296.07143387082
L20254593,Other,OH,43015,510000,498732.99701514596,11267.002984854043,-0.022092162715400085,-11267.002984854043
L20254619,Other,GA,31419,320000,331257.66696319816,11257.666963198164,0.03518020925999426,11257.666963198164
L20254591,Indianapolis,IN,46202,380000,368878.49605081254,11121.503949187463,-0.029267115655756484,-11121.503949187463
L20243263,Other,GA,30907,300000,311101.61342234997,11101.613422349968,0.0370053780744999,11101.613422349968
L20253974,Other,NC,27616,240000,251090.6745410922,11090.674541092187,0.046211143921217446,11090.674541092187
L20254559,Other,GA,30043,455000,443944.4873153791,11055.512684620917,-0.024297830076089925,-11055.512684620917
L20254262,Other,NC,27265,240000,251043.4783177631,11043.478317763103,0.0460144929906796,11043.478317763103
L20254550,Other,NC,28083,250000,238973.82751918142,11026.172480818583,-0.04410468992327433,-11026.172480818583
L20254415,Other,NC,27530,195000,206008.1823296376,11008.18232963761,0.05645221707506466,11008.18232963761
L20254078,Other,OH,45205,140000,150948.87637797953,10948.876377979526,0.0782062598427109,10948.876377979526
L20254414,Other,SC,29485,275000,264086.45488204807,10913.54511795193,-0.03968561861073429,-10913.54511795193
L20254461,Other,TN,37167,410000,420912.30521991424,10912.30521991424,0.026615378585156682,10912.30521991424
L20254451,Atlanta,GA,30310,370000,380724.53133139695,10724.531331396953,0.02898521981458636,10724.531331396953
L20254082,Other,NC,27707,240000,250613.185537018,10613.185537017998,0.04422160640424166,10613.185537017998
L20254486,Atlanta,GA,30310,470000,459406.5122259304,10593.487774069596,-0.022539335689509776,-10593.487774069596
L20254273,Other,OH,45015,190000,200590.59034755305,10590.59034755305,0.05573994919764763,10590.59034755305
L20254198,Charlotte,NC,28214,350000,360577.49314963724,10577.493149637245,0.030221408998963556,10577.493149637245
L20254372,Other,GA,30094,360000,349445.57624222606,10554.42375777394,-0.029317843771594278,-10554.42375777394
L20254860,Other,SC,29732,170000,180397.86387081502,10397.863870815025,0.06116390512244132,10397.863870815025
L20253956,Other,MO,63126,260000,249619.68749289395,10380.31250710605,-0.039924278873484806,-10380.31250710605
L20254365,Other,GA,30297,215000,225332.76649470345,10332.76649470345,0.04805937904513233,10332.76649470345
L20254197,Other,NC,27703,425000,414675.158466186,10324.841533813975,-0.024293744785444646,-10324.841533813975
L20254259,Other,NC,28027,300000,310324.3964127483,10324.39641274832,0.034414654709161066,10324.39641274832
L20254608,Other,NC,28001,330000,319720.1225223385,10279.877477661474,-0.031151143871701436,-10279.877477661474
L20254617,Other,VA,23453,300000,289788.23338663793,10211.766613362066,-0.03403922204454022,-10211.766613362066
L20243874,Other,GA,30296,265000,275189.3166883131,10189.31668831309,0.03845025165401166,10189.31668831309
L20254345,Other,NC,27577,245000,234827.96784009645,10172.032159903552,-0.04151849861185124,-10172.032159903552
L20254357,Other,NC,28147,340000,329862.5437080607,10137.456291939307,-0.029816047917468547,-10137.456291939307
L20254102,Charlotte,NC,28210,535000,545076.8865925915,10076.88659259153,0.01883530204222716,10076.88659259153
L20254870,Other,GA,30236,275000,285032.48302666016,10032.483026660164,0.03648175646058242,10032.483026660164
L20254137,Charlotte,NC,28208,280000,289870.9835429926,9870.983542992617,0.03525351265354506,9870.983542992617
L20254328,Other,VA,23453,400000,390181.00340067025,9818.996599329752,-0.02454749149832438,-9818.996599329752
L20254289,Charlotte,NC,28206,250000,259792.5842477472,9792.584247747203,0.03917033699098881,9792.584247747203
L20253955,Other,TN,37920,355000,345287.3069381281,9712.69306187192,-0.027359698765836393,-9712.69306187192
L20243892,Other,MO,63130,400000,390352.7632120039,9647.23678799608,-0.0241180919699902,-9647.23678799608
L20254290,Other,SC,29210,220000,229588.86953779345,9588.86953779345,0.04358577062633386,9588.86953779345
L20254160,Other,MO,63116,240000,230442.36017522038,9557.639824779617,-0.03982349926991507,-9557.639824779617
L20254303,Other,GA,30238,260000,269552.22185882606,9552.221858826058,0.036739314841638684,9552.221858826058
L20254878,Other,NC,28658,230000,220586.16902522038,9413.830974779616,-0.04092969989034616,-9413.830974779616
L20253980,Other,SC,29611,310000,319379.2061053937,9379.206105393707,0.03025550356578615,9379.206105393707
L20254233,Other,VA,20148,570000,560678.5424926355,9321.457507364452,-0.016353434223446407,-9321.457507364452
L20243863,Other,SC,29486,345000,335694.1221130727,9305.87788692728,-0.02697355909254284,-9305.87788692728
L20254867,Other,NC,28152,215000,205697.75019144543,9302.249808554567,-0.04326627817932357,-9302.249808554567
L20254214,Other,GA,31313,245000,254267.90760204472,9267.907602044725,0.0378281942940601,9267.907602044725
L20243881,Atlanta,GA,30328,950000,959248.8616563461,9248.861656346126,0.009735643848785395,9248.861656346126
L20254819,Other,NC,28658,295000,285797.815965453,9202.184034547012,-0.031193844184905124,-9202.184034547012
L20254095,Indianapolis,IN,46239,360000,369166.66491018975,9166.66491018975,0.025462958083860416,9166.66491018975
L20254112,Other,NC,28227,575000,565938.05227881,9061.947721190052,-0.015759909080330526,-9061.947721190052
L20254147,Atlanta,GA,30331,240000,249026.90957764408,9026.90957764408,0.03761212324018367,9026.90957764408
L20254249,Other,NC,27040,480000,488895.52990979014,8895.529909790144,0.018532353978729467,8895.529909790144
L20254073,Other,MO,63069,215000,223883.10497850337,8883.104978503368,0.04131676734187613,8883.104978503368
L20254467,Other,TN,37643,300000,308864.8081627384,8864.808162738394,0.029549360542461316,8864.808162738394
L20254947,Other,NC,28025,480000,488851.9652687714,8851.965268771397,0.01844159430994041,8851.965268771397
L20254545,Other,GA,30349,250000,258828.74133650743,8828.741336507432,0.03531496534602973,8828.741336507432
L20254300,Other,TN,37341,249000,240202.8198012522,8797.18019874781,-0.035330040958826546,-8797.18019874781
L20254243,Charlotte,NC,28210,330000,338782.82929446787,8782.829294467869,0.026614634225660207,8782.829294467869
L20254347,Other,TN,37663,385000,393718.2496460801,8718.249646080076,0.022644804275532664,8718.249646080076
L20254144,Other,GA,30032,395000,386282.12476377457,8717.87523622543,-0.02207057021829223,-8717.87523622543
L20243872,Other,NC,27292,290000,281314.2893472526,8685.710652747424,-0.02995072638878422,-8685.710652747424
L20254276,Other,NC,27203,180000,188569.16480680386,8569.164806803863,0.04760647114891035,8569.164806803863
L20253954,Other,NC,27565,330000,338550.1765150669,8550.17651506688,0.02590962580323297,8550.17651506688
L20254536,Other,VA,24015,450000,441628.9790767914,8371.02092320862,-0.018602268718241378,-8371.02092320862
L20254266,Other,OH,44706,205000,196644.94543930475,8355.054560695251,-0.040756363710708544,-8355.054560695251
L20254791,Indianapolis,IN,46203,400000,391689.72662317153,8310.273376828467,-0.020775683442071168,-8310.273376828467
L20243868,Other,GA,30236,225000,233298.12199320152,8298.121993201523,0.03688054219200677,8298.121993201523
L20254235,Other,NC,28311,175000,183236.34897924578,8236.348979245784,0.04706485130997591,8236.348979245784
L20254579,Other,SC,29118,260000,268159.13006579014,8159.130065790145,0.03138126948380825,8159.130065790145
L20253966,Other,MO,63033,200000,208112.3616889457,8112.361688945704,0.04056180844472852,8112.361688945704
L20254842,Other,MO,64133,310000,318096.9202086635,8096.920208663505,0.02611909744730163,8096.920208663505
L20254225,Other,NC,28306,190000,198093.22168530925,8093.221685309254,0.04259590360689081,8093.221685309254
L20254428,Atlanta,GA,30331,245000,253087.92913855828,8087.9291385582765,0.0330119556675848,8087.9291385582765
L20254637,Other,OH,44128,135000,143011.53193011342,8011.531930113415,0.059344680963803076,8011.531930113415
L20254049,Indianapolis,IN,46208,320000,327980.6101975965,7980.610197596485,0.024939406867489015,7980.610197596485
L20254466,Other,FL,32605,300000,292079.1340878347,7920.865912165318,-0.026402886373884393,-7920.865912165318
L20254556,Other,GA,30062,500000,507914.8763951698,7914.87639516982,0.01582975279033964,7914.87639516982
L20254864,Other,OH,44110,140000,147742.48782698848,7742.487826988479,0.05530348447848914,7742.487826988479
L20254052,Other,NC,27103,350000,342319.39577130845,7680.604228691547,-0.021944583510547278,-7680.604228691547
L20254107,Other,NC,28677,270000,262346.1368806223,7653.863119377696,-0.028347641182880357,-7653.863119377696
L20254061,Other,IN,47904,155000,162614.30270988657,7614.302709886571,0.04912453361217143,7614.302709886571
L20254374,Other,TN,37416,215000,207385.97161483738,7614.028385162615,-0.03541408551238426,-7614.028385162615
L20254939,Other,NC,28105,515000,507463.6196127439,7536.380387256097,-0.01463374832476912,-7536.380387256097
L20254725,Charlotte,NC,28215,370000,377507.5154677311,7507.5154677311075,0.02029058234521921,7507.5154677311075
L20254077,Other,GA,31069,210000,202516.56159850676,7483.438401493244,-0.03563542095949164,-7483.438401493244
L20254853,Other,IN,46342,170000,162524.38094444684,7475.619055553165,-0.043974229738548025,-7475.619055553165
L20254600,Other,NC,28056,460000,467447.69244916947,7447.692449169466,0.016190635759064056,7447.692449169466
L20254100,Other,AL,36117,155000,162419.6602550117,7419.660255011695,0.04786877583878513,7419.660255011695
L20254730,Other,MO,63130,275000,267782.58298752224,7217.417012477759,-0.0262451527726464,-7217.417012477759
L20254601,Other,NC,28052,170000,177209.77877463293,7209.778774632927,0.042410463380193685,7209.778774632927
L20254054,Other,GA,30033,1200000,1207186.535682087,7186.535682087066,0.0059887797350725545,7186.535682087066
L20254295,Other,GA,30058,335000,342185.96239664865,7185.962396648654,0.021450634019846728,7185.962396648654
L20254155,Other,TN,37914,375000,382144.3496693508,7144.349669350777,0.019051599118268737,7144.349669350777
L20254430,Other,NC,28314,249246,242108.51500007702,7137.484999922977,-0.028636307101911274,-7137.484999922977
L20254201,Other,NC,27253,280000,287134.560045908,7134.560045907972,0.02548057159252847,7134.560045907972
L20254257,Atlanta,GA,30315,275000,282117.5478439539,7117.547843953886,0.02588199215983231,7117.547843953886
L20254369,Other,OH,45015,190000,197081.7060016179,7081.7060016178875,0.03727213685062046,7081.7060016178875
L20254460,Other,OH,44647,190000,197056.59903366474,7056.599033664737,0.037139994914024935,7056.599033664737
L20254203,Atlanta,GA,30331,340000,346964.1963049899,6964.1963049899205,0.020482930308793883,6964.1963049899205
L20254020,Charlotte,NC,28210,630000,623048.2610591718,6951.738940828247,-0.011034506255282931,-6951.738940828247
L20254397,Atlanta,GA,30318,500000,506917.8385419487,6917.838541948702,0.013835677083897404,6917.838541948702
L20254208,Other,NC,27526,285000,278112.8627501578,6887.137249842228,-0.024165393859095538,-6887.137249842228
L20254165,Indianapolis,IN,46201,230000,236869.65184233832,6869.651842338324,0.029868051488427496,6869.651842338324
L20254869,Other,NC,27215,170000,176737.5124285063,6737.512428506307,0.0396324260500371,6737.512428506307
L20254236,Other,KY,40216,185000,191702.7305278081,6702.730527808104,0.036230975825989754,6702.730527808104
L20253962,Other,GA,30344,240000,233305.73914458274,6694.260855417262,-0.027892753564238593,-6694.260855417262
L20243179,Other,NC,27106,470000,476671.7086425776,6671.708642577578,0.014195124771441655,6671.708642577578
L20254470,Other,MO,64114,390000,396640.7204054691,6640.720405469125,0.0170274882191516,6640.720405469125
L20254141,Charlotte,NC,28209,630000,623435.9996296985,6564.000370301539,-0.01041904820682784,-6564.000370301539
L20254514,Other,NC,28658,180000,173441.79231042482,6558.207689575182,-0.03643448716430656,-6558.207689575182
L20254378,Other,CO,80215,1350000,1356535.755284505,6535.755284504965,0.004841300210744418,6535.755284504965
L20254425,Other,GA,30034,255000,261534.62388795457,6534.623887954571,0.025625976031194396,6534.623887954571
L20254116,Other,GA,30087,350000,343475.0015301867,6524.998469813319,-0.0186428527708952,-6524.998469813319
L20254127,Other,FL,33068,455000,461505.09383496013,6505.093834960135,0.014296909527384912,6505.093834960135
L20254179,Other,NC,28056,220000,213566.34917237933,6433.650827620673,-0.029243867398275787,-6433.650827620673
L20254662,Indianapolis,IN,46268,265000,271422.25178476423,6422.25178476423,0.02423491239533672,6422.25178476423
L20243893,Other,TN,37920,375000,381333.117909762,6333.117909762019,0.01688831442603205,6333.117909762019
L20254574,Other,MO,64056,190000,196327.07245864713,6327.072458647133,0.0333003813613007,6327.072458647133
L20254525,Other,IN,46142,220000,226296.90894557594,6296.908945575939,0.028622313388981538,6296.908945575939
L20254599,Other,FL,34472,350000,343742.5581598297,6257.441840170301,-0.01787840525762943,-6257.441840170301
L20254343,Other,OH,43219,145000,151183.05218179073,6183.052181790728,0.04264173918476365,6183.052181790728
L20254546,Other,IN,46835,320000,313867.76721279504,6132.232787204965,-0.019163227460015513,-6132.232787204965
L20254918,Atlanta,GA,30349,247000,240884.40848140197,6115.591518598027,-0.024759479832380676,-6115.591518598027
L20254231,Other,GA,30906,170000,163904.79667731514,6095.203322684858,-0.03585413719226387,-6095.203322684858
L20254537,Atlanta,GA,30331,250000,256083.46328113493,6083.463281134929,0.024333853124539718,6083.463281134929
L20254627,Atlanta,GA,30349,360000,366061.79695711983,6061.796957119834,0.016838324880888426,6061.796957119834
L20254505,Other,VA,23513,240000,246051.47900058396,6051.47900058396,0.0252144958357665,6051.47900058396
L20254237,Other,VA,23222,225000,231050.68129050688,6050.68129050688,0.026891916846697245,6050.68129050688
L20254029,Other,NC,28401,380000,373956.8638138454,6043.1361861546175,-0.015902989963564783,-6043.1361861546175
L20254058,Charlotte,NC,28269,330000,335997.75548368087,5997.75548368087,0.018175016617214757,5997.75548368087
L20254861,Other,SC,29302,220000,225974.76293176404,5974.7629317640385,0.027158013326200176,5974.7629317640385
L20254371,Indianapolis,IN,46221,270000,275965.6432730973,5965.643273097288,0.02209497508554551,5965.643273097288
L20254457,Other,SC,29203,207500,213322.04199753256,5822.041997532564,0.028058033723048503,5822.041997532564
L20254056,Other,GA,30078,375000,380709.69163096347,5709.691630963469,0.015225844349235917,5709.691630963469
L20254522,Other,GA,31410,425000,430643.4658014072,5643.465801407176,0.013278743062134531,5643.465801407176
L20254046,Other,OH,44109,195000,200613.5537603991,5613.553760399111,0.0287874551815339,5613.553760399111
L20254081,Other,GA,30011,350000,344393.64677449706,5606.353225502942,-0.016018152072865548,-5606.353225502942
L20254493,Other,GA,31907,380000,385562.00876457145,5562.008764571452,0.014636865169924873,5562.008764571452
L20254547,Other,NC,28348,280000,274444.3257524636,5555.674247536401,-0.01984169374120143,-5555.674247536401
L20254761,Other,NC,27106,230000,235549.6529782716,5549.652978271595,0.024128925992485197,5549.652978271595
L20254040,Other,NC,27703,345000,339546.5731786309,5453.426821369096,-0.015807034264837958,-5453.426821369096
L20253970,Other,NC,27292,380000,374652.1851186057,5347.814881394326,-0.014073197056300859,-5347.814881394326
L20254209,Other,NC,28164,220000,214675.9393523249,5324.060647675098,-0.024200275671250448,-5324.060647675098
L20254583,Other,GA,30294,255000,249688.19502375886,5311.804976241139,-0.02083060774996525,-5311.804976241139
L20254588,Other,KS,66212,240000,234727.78985730608,5272.210142693919,-0.021967542261224663,-5272.210142693919
L20254360,Other,SC,29205,200000,205247.16768275943,5247.167682759435,0.026235838413797175,5247.167682759435
L20254292,Other,GA,31313,200000,205234.1527109412,5234.152710941213,0.026170763554706062,5234.152710941213
L20254756,Other,IN,46074,320000,325222.4476238617,5222.447623861721,0.01632014882456788,5222.447623861721
L20243890,Other,GA,30046,290000,284911.2224023114,5088.777597688604,-0.01754750895754691,-5088.777597688604
L20254355,Other,NC,27215,140000,145074.39093927343,5074.390939273435,0.03624564956623882,5074.390939273435
L20254959,Other,SC,29306,225000,230055.37758537306,5055.377585373062,0.022468344823880278,5055.377585373062
L20254747,Other,TN,37416,239000,233991.98193246635,5008.018067533645,-0.020954050491772572,-5008.018067533645
L20254569,Other,NC,28012,310000,315007.1062393244,5007.106239324377,0.016151955610723797,5007.106239324377
L20254507,Other,FL,32084,250000,254988.43309392149,4988.433093921485,0.01995373237568594,4988.433093921485
L20254353,Other,GA,30047,365000,369970.11945371196,4970.119453711959,0.013616765626608107,4970.119453711959
L20254270,Other,MO,65802,240000,235055.79480176035,4944.2051982396515,-0.020600854992665216,-4944.2051982396515
L20253951,Other,NC,28304,205000,209917.12394341847,4917.123943418468,0.023985970455699845,4917.123943418468
L20254004,Other,FL,33168,535000,539916.2016297744,4916.201629774412,0.009189161924811985,4916.201629774412
L20254551,Other,GA,30228,245000,240092.57277019988,4907.427229800116,-0.020030315223673944,-4907.427229800116
L20254778,Charlotte,NC,28215,310000,314899.552885939,4899.552885939018,0.015805009309480703,4899.552885939018
L20254453,Other,IN,46303,280000,284882.3256258227,4882.325625822705,0.01743687723508109,4882.325625822705
L20254735,Charlotte,NC,28205,1200000,1204874.466525668,4874.4665256680455,0.004062055438056705,4874.4665256680455
L20254442,Other,OH,44121,185000,189825.50689772106,4825.506897721061,0.026083821068762492,4825.506897721061
L20254106,Other,NC,28303,440000,435209.3686462457,4790.631353754317,-0.010887798531259813,-4790.631353754317
L20254277,Other,NC,28306,190000,194756.14112361972,4756.141123619716,0.025032321703261664,4756.141123619716
L20254941,Other,GA,30253,340000,335273.7735830153,4726.226416984689,-0.01390066593230791,-4726.226416984689
L20254394,Other,NC,27549,400000,395280.8656724847,4719.1343275153195,-0.011797835818788299,-4719.1343275153195
L20254682,Other,NC,28083,180000,184677.51386974507,4677.513869745075,0.025986188165250414,4677.513869745075
L20254948,Other,GA,30501,220000,215459.9133579909,4540.08664200909,-0.02063675746367768,-4540.08664200909
L20254420,Other,GA,30032,360000,355474.4318602227,4525.568139777286,-0.012571022610492462,-4525.568139777286
L20254207,Other,GA,30088,225000,229440.89797790107,4440.89797790107,0.019737324346226975,4440.89797790107
L20243886,Other,NC,27360,220000,224429.58013391294,4429.580133912939,0.020134455154149723,4429.580133912939
L20253957,Other,OH,43551,280000,275603.77203061327,4396.227969386731,-0.015700814176381184,-4396.227969386731
L20254136,Other,GA,30907,290000,285608.11137497897,4391.888625021034,-0.015144443534555291,-4391.888625021034
L20254421,Other,VA,24572,220000,215639.7842434635,4360.2157565364905,-0.01981916252971132,-4360.2157565364905
L20254334,Other,GA,30034,275000,279334.77810630656,4334.778106306563,0.01576282947747841,4334.778106306563
L20254406,Other,GA,31217,150000,154313.07509221075,4313.0750922107545,0.028753833948071697,4313.0750922107545
L20254362,Other,MO,64124,350000,354296.3817665049,4296.381766504899,0.012275376475728282,4296.381766504899
L20254060,Indianapolis,IN,46217,240000,244249.82631070077,4249.826310700766,0.017707609627919858,4249.826310700766
L20254244,Other,KS,66104,200000,204228.31554841073,4228.3155484107265,0.021141577742053632,4228.3155484107265
L20254071,Other,OH,43205,230000,234219.56834663198,4219.568346631975,0.0183459493331825,4219.568346631975
L20254104,Indianapolis,IN,46201,220000,224218.98882959547,4218.988829595473,0.019177221952706696,4218.988829595473
L20254436,Other,CO,80226,740000,735823.9969898912,4176.003010108834,-0.005643247310957884,-4176.003010108834
L20254636,Other,OH,44143,310000,314099.99938463484,4099.999384634837,0.013225804466563991,4099.999384634837
L20254914,Atlanta,GA,30311,315000,319062.53859240847,4062.5385924084694,0.01289694791240784,4062.5385924084694
L20254281,Other,OH,43207,265000,260943.86920428276,4056.1307957172394,-0.01530615394610279,-4056.1307957172394
L20254008,Other,NC,28301,220000,215946.1254551293,4053.8745448706904,-0.018426702476684955,-4053.8745448706904
L20254199,Charlotte,NC,28210,730000,725971.474133406,4028.525866594049,-0.00551852858437541,-4028.525866594049
L20254973,Atlanta,GA,30315,235000,239002.37803956366,4002.378039563657,0.01703139591303684,4002.378039563657
L20254828,Other,NC,28052,220000,216007.0660143035,3992.9339856964943,-0.018149699934984064,-3992.9339856964943
L20254565,Other,GA,31401,320000,323984.6008596049,3984.6008596048923,0.012451877686265288,3984.6008596048923
L20254384,Other,NC,28658,190000,193959.7249608367,3959.7249608366983,0.020840657688614202,3959.7249608366983
L20254803,Other,NC,28658,230000,233949.04250596726,3949.042505967256,0.01716975002594459,3949.042505967256
L20254454,Other,IN,46410,280000,276161.0713763138,3838.9286236861954,-0.013710459370307841,-3838.9286236861954
L20254240,Atlanta,GA,30315,205000,208838.68856138785,3838.688561387855,0.01872531005555051,3838.688561387855
L20254103,Other,GA,30093,230000,233811.01405477634,3811.014054776344,0.01656962632511454,3811.014054776344
L20254585,Other,MO,63031,205000,208804.92882174416,3804.9288217441645,0.01856062839875202,3804.9288217441645
L20253964,Other,NC,27401,185000,188798.37288076963,3798.3728807696316,0.020531745301457467,3798.3728807696316
L20254443,Other,MO,63136,175000,178787.26578731416,3787.265787314158,0.02164151878465233,3787.265787314158
L20254613,Other,MO,63130,240000,236244.81547980732,3755.184520192677,-0.01564660216746949,-3755.184520192677
L20254123,Other,SC,29841,260000,256274.08952720763,3725.9104727923695,-0.014330424895355267,-3725.9104727923695
L20254366,Other,OH,43050,230000,233714.23689592912,3714.23689592912,0.016148856069257044,3714.23689592912
L20254145,Other,OH,44089,170000,166328.69665215438,3671.30334784562,-0.021595902046150705,-3671.30334784562
L20254142,Indianapolis,IN,46235,285000,288643.4066685189,3643.4066685189027,0.012783883047434746,3643.4066685189027
L20254167,Other,KY,41018,220000,216466.52662824106,3533.4733717589406,-0.016061242598904277,-3533.4733717589406
L20254584,Other,NC,27701,700000,703529.2761369128,3529.2761369127547,0.005041823052732507,3529.2761369127547
L20254317,Other,TN,37604,380000,383512.4018482566,3512.401848256588,0.009243162758569968,3512.401848256588
L20254178,Other,GA,30034,200000,203470.07119316098,3470.071193160984,0.01735035596580492,3470.071193160984
L20254173,Other,SC,29615,330000,333459.22063473647,3459.22063473647,0.010482486771928697,3459.22063473647
L20253943,Other,NC,28052,400000,403445.2541062708,3445.2541062707896,0.008613135265676974,3445.2541062707896
L20254294,Atlanta,GA,30314,400000,396604.7949461118,3395.205053888203,-0.008488012634720508,-3395.205053888203
L20254502,Other,TN,37914,320000,316738.4124052298,3261.587594770186,-0.010192461233656832,-3261.587594770186
L20254877,Other,NC,28117,325000,328255.0441671896,3255.044167189626,0.010015520514429619,3255.044167189626
L20253963,Indianapolis,IN,46226,225000,228242.6316701585,3242.631670158502,0.014411696311815565,3242.631670158502
L20254013,Other,GA,30238,265000,268122.0632193326,3122.063219332602,0.01178137063899095,3122.063219332602
L20254602,Other,IN,46514,190000,193104.43717999858,3104.437179998582,0.016339143052624117,3104.437179998582
L20254391,Other,NC,27713,550000,546914.4086875238,3085.591312476201,-0.005610166022684002,-3085.591312476201
L20254802,Other,GA,30038,280000,283081.90515005623,3081.9051500562346,0.011006804107343695,3081.9051500562346
L20243897,Other,NC,28227,560000,556945.3692648252,3054.6307351747528,-0.005454697741383487,-3054.6307351747528
L20253977,Other,GA,30141,350000,353030.5287741356,3030.5287741355714,0.008658653640387346,3030.5287741355714
L20254368,Other,NC,28152,235000,238022.6342695836,3022.634269583592,0.012862273487589754,3022.634269583592
L20254801,Other,GA,30102,345000,348017.3388562257,3017.338856225717,0.008745909728190483,3017.338856225717
L20241585,Charlotte,NC,28209,2260100,2257104.770220501,2995.2297794991173,-0.0013252642712707921,-2995.2297794991173
L20243724,Other,NC,28304,170000,172957.2447438808,2957.2447438807867,0.017395557316945805,2957.2447438807867
L20254497,Other,NC,28314,160000,162953.49217283452,2953.4921728345216,0.01845932608021576,2953.4921728345216
L20254645,Other,OH,45042,160000,157101.5209012883,2898.4790987116867,-0.01811549436694804,-2898.4790987116867
L20254216,Charlotte,NC,28208,275000,272124.99420881085,2875.005791189149,-0.010454566513415087,-2875.005791189149
L20254447,Other,MO,63110,650000,647126.9423332445,2873.057666755514,-0.004420088718085406,-2873.057666755514
L20254350,Other,AL,35810,200000,197156.5138950123,2843.486104987707,-0.014217430524938537,-2843.486104987707
L20243878,Other,NC,28054,230000,232833.35942462258,2833.359424622584,0.01231895402009819,2833.359424622584
L20254224,Other,NC,27804,260000,262790.6442070917,2790.644207091711,0.010733246950352734,2790.644207091711
L20254946,Other,MO,63033,250000,252755.5700887428,2755.5700887427956,0.011022280354971183,2755.5700887427956
L20254332,Other,VA,24012,245000,242267.07090292708,2732.92909707292,-0.011154812641113959,-2732.92909707292
L20254958,Other,SC,29306,280000,282677.8037571903,2677.803757190297,0.009563584847108203,2677.803757190297
L20254558,Other,ID,83605,245000,242404.64900219272,2595.3509978072834,-0.010593269378805238,-2595.3509978072834
L20254437,Other,NC,27284,275000,272405.7512884819,2594.2487115181284,-0.009433631678247739,-2594.2487115181284
L20254364,Indianapolis,IN,46237,260000,262589.73994171736,2589.7399417173583,0.009960538237374455,2589.7399417173583
L20254582,Other,VA,23222,240000,237441.5907335585,2558.4092664415075,-0.010660038610172947,-2558.4092664415075
L20254825,Other,GA,30032,765000,762444.1356943717,2555.864305628347,-0.003340999092324637,-2555.864305628347
L20254513,Other,GA,30116,240000,242537.12186713723,2537.1218671372335,0.010571341113071807,2537.1218671372335
L20254459,Other,IN,46077,500000,497477.86744492763,2522.1325550723705,-0.005044265110144741,-2522.1325550723705
L20254652,Other,GA,30236,250000,247507.01013903006,2492.989860969945,-0.00997195944387978,-2492.989860969945
L20254609,Other,MO,63021,480000,477517.19366830104,2482.8063316989574,-0.005172513191039494,-2482.8063316989574
L20254692,Indianapolis,IN,46205,315000,312539.8080265165,2460.191973483481,-0.007810133249153908,-2460.191973483481
L20254092,Other,IN,46360,185000,187441.30103409846,2441.301034098462,0.013196221805937632,2441.301034098462
L20253932,Other,OH,44312,170000,172392.31846435266,2392.318464352662,0.014072461555015658,2392.318464352662
L20254439,Other,VA,23224,245000,242610.58576499825,2389.41423500175,-0.009752711163272448,-2389.41423500175
L20254232,Other,GA,30297,195000,197365.72924020578,2365.729240205779,0.012131944821568099,2365.729240205779
L20254737,Other,GA,30083,275000,272643.6071055532,2356.3928944467916,-0.008568701434351969,-2356.3928944467916
L20254301,Other,GA,30058,330000,332329.73456470633,2329.734564706334,0.007059801711231315,2329.734564706334
L20254096,Other,NC,27610,330000,332303.3396903837,2303.3396903836983,0.006979817243586965,2303.3396903836983
L20254464,Indianapolis,IN,46224,275000,272795.0724415226,2204.927558477386,-0.008017918394463221,-2204.927558477386
L20254382,Other,GA,30294,260000,262199.1482012316,2199.148201231612,0.008458262312429276,2199.148201231612
L20254500,Indianapolis,IN,46203,205000,202864.21561725048,2135.7843827495235,-0.010418460403656212,-2135.7843827495235
L20243905,Other,OH,43204,165000,167131.5742798971,2131.5742798970896,0.0129186319993763,2131.5742798970896
L20254001,Other,MO,64030,325000,327069.25746772945,2069.257467729447,0.006366946054552144,2069.257467729447
L20254703,Other,NC,27104,300000,297959.5535043737,2040.4464956262964,-0.006801488318754321,-2040.4464956262964
L20254124,Other,GA,30127,375000,376966.0590848216,1966.0590848216088,0.005242824226190957,1966.0590848216088
L20254623,Other,MO,63118,230000,231962.41554259075,1962.415542590752,0.008532241489525009,1962.415542590752
L20254633,Other,GA,30253,280000,278049.42929267196,1950.5707073280355,-0.006966323954742984,-1950.5707073280355
L20254149,Indianapolis,IN,46205,330000,328071.1216589945,1928.8783410054748,-0.005845085881834772,-1928.8783410054748
L20254156,Other,GA,30032,330000,328076.140388628,1923.8596113719977,-0.005829877610218175,-1923.8596113719977
L20254212,Other,NC,27127,340000,338082.5697682011,1917.4302317989059,-0.005639500681761488,-1917.4302317989059
L20254128,Other,NC,27105,235000,236916.09204176103,1916.0920417610323,0.008153583156429925,1916.0920417610323
L20254962,Other,GA,30224,190000,191905.05960829338,1905.059608293377,0.010026629517333564,1905.059608293377
L20253973,Other,FL,32259,370000,368096.4650253208,1903.5349746791762,-0.0051446891207545305,-1903.5349746791762
L20254552,Charlotte,NC,28227,300000,298112.76860807056,1887.2313919294393,-0.006290771306431464,-1887.2313919294393
L20254463,Other,IN,46052,320000,321863.39298626984,1863.3929862698424,0.005823103082093257,1863.3929862698424
L20242101,Other,NC,27406,390000,391821.9684270923,1821.9684270923026,0.004671713915621289,1821.9684270923026
L20253983,Other,GA,30082,610000,608198.1228993353,1801.8771006646566,-0.0029538968863355025,-1801.8771006646566
L20254648,Other,NC,28150,145000,146794.85023569674,1794.8502356967365,0.0123782774875637,1794.8502356967365
L20254158,Other,VA,22312,750000,748225.449142775,1774.5508572249673,-0.0023660678096332896,-1774.5508572249673
L20254475,Other,NC,27357,290000,288270.6244960554,1729.3755039445823,-0.005963363806705456,-1729.3755039445823
L20254478,Other,FL,32935,270000,271723.6305963982,1723.6305963982013,0.006383817023697042,1723.6305963982013
L20254445,Other,NC,28159,200000,201710.431143454,1710.431143454014,0.00855215571727007,1710.431143454014
L20254338,Atlanta,GA,30316,330000,328309.2156624567,1690.7843375433004,-0.0051235889016463644,-1690.7843375433004
L20243899,Other,NC,27105,215000,216680.98783572955,1680.987835729553,0.007818548073160712,1680.987835729553
L20254076,Other,NC,27405,230000,228327.2757812462,1672.7242187538068,-0.007272713994581769,-1672.7242187538068
L20254022,Other,NC,27127,280000,278342.039267309,1657.96073269099,-0.00592128833103925,-1657.96073269099
L20254030,Other,NC,28054,170000,168358.86926657945,1641.1307334205485,-0.009653710196591461,-1641.1307334205485
L20254534,Other,NC,28115,235000,233364.53609996536,1635.463900034636,-0.006959420851211217,-1635.463900034636
L20254113,Other,MO,64118,300000,301615.5873161912,1615.5873161911732,0.0053852910539705775,1615.5873161911732
L20254293,Other,GA,30135,290000,288393.8530548271,1606.1469451729208,-0.005538437741975589,-1606.1469451729208
L20243895,Other,GA,30238,235000,236596.03340559057,1596.0334055905696,0.00679163151315136,1596.0334055905696
L20254175,Other,GA,30152,330000,331550.4751350978,1550.475135097804,0.004698409500296376,1550.475135097804
L20254373,Other,VA,23523,240000,238464.84806862476,1535.151931375236,-0.0063964663807301505,-1535.151931375236
L20254809,Indianapolis,IN,46225,200000,198469.46197053016,1530.5380294698407,-0.007652690147349203,-1530.5380294698407
L20254336,Charlotte,NC,28206,1150000,1148534.949584387,1465.05041561299,-0.0012739568831417305,-1465.05041561299
L20254402,Other,KY,40216,170000,171463.2127113037,1463.2127113036986,0.00860713359590411,1463.2127113036986
L20254426,Atlanta,GA,30315,275000,273555.3313020352,1444.6686979648075,-0.005253340719872027,-1444.6686979648075
L20254377,Other,MO,64110,200000,201440.14118333074,1440.1411833307357,0.007200705916653678,1440.1411833307357
L20254553,Other,OH,44123,175000,176414.00658119028,1414.006581190275,0.00808003760680157,1414.006581190275
L20254044,Other,GA,30008,335000,333611.0438903055,1388.9561096944963,-0.004146137640879093,-1388.9561096944963
L20254258,Other,TN,37920,450000,448665.73472784064,1334.2652721593622,-0.002965033938131916,-1334.2652721593622
L20254051,Other,NC,28314,215000,213669.85122747876,1330.1487725212355,-0.0061867384768429555,-1330.1487725212355
L20254109,Other,NC,28314,150000,151211.76465234454,1211.7646523445437,0.008078431015630291,1211.7646523445437
L20254620,Other,GA,30344,350000,351203.1288566243,1203.128856624302,0.003437511018926577,1203.128856624302
L20254129,Other,GA,31904,199000,200147.36959260723,1147.369592607225,0.0057656763447599246,1147.369592607225
L20254069,Other,NC,27704,240000,241133.6792391352,1133.6792391352064,0.004723663496396693,1133.6792391352064
L20253969,Other,SC,29418,320000,318869.4145888722,1130.585411127773,-0.003533079409774291,-1130.585411127773
L20254326,Other,IN,47404,220000,221119.86403634268,1119.864036342682,0.005090291074284919,1119.864036342682
L20254182,Other,SC,29501,250000,251114.24582799734,1114.2458279973362,0.004456983311989344,1114.2458279973362
L20254264,Other,NC,28739,390000,391083.9337708267,1083.9337708267267,0.002779317361094171,1083.9337708267267
L20254072,Other,NC,27205,385000,383936.8860556853,1063.1139443147113,-0.0027613349202979514,-1063.1139443147113
L20254316,Other,NC,28105,700000,698961.8160966161,1038.183903383906,-0.0014831198619770086,-1038.183903383906
L20254732,Other,VA,20124,1200000,1201035.0210374126,1035.0210374125745,0.0008625175311771454,1035.0210374125745
L20243906,Indianapolis,IN,46205,340000,338967.9700765316,1032.0299234684207,-0.0030353821278482963,-1032.0299234684207
L20254495,Other,NC,28081,215000,216014.26110582167,1014.2611058216717,0.004717493515449636,1014.2611058216717
L20254306,Other,VA,23233,600000,600977.2792318296,977.2792318295687,0.001628798719715948,977.2792318295687
L20254018,Indianapolis,IN,46203,290000,289039.07961993036,960.9203800696414,-0.003313518551964281,-960.9203800696414
L20254205,Other,AL,36695,230000,229100.55302293808,899.446977061918,-0.003910639030703991,-899.446977061918
L20254407,Other,OH,43207,200000,199101.05857370349,898.9414262965147,-0.004494707131482574,-898.9414262965147
L20254767,Atlanta,GA,30316,430000,430862.830440156,862.8304401559872,0.002006582418967412,862.8304401559872
L20254611,Other,OH,44706,230000,229147.86473790952,852.13526209048,-0.0037049359221325217,-852.13526209048
L20254529,Other,GA,30904,500000,499153.0552425105,846.9447574894875,-0.0016938895149789751,-846.9447574894875
L20254872,Other,OH,44646,270000,269165.7736934047,834.2263065953157,-0.003089727061464132,-834.2263065953157
L20254153,Other,NC,27103,360000,360816.1878622306,816.1878622305812,0.002267188506196059,816.1878622305812
L20254586,Indianapolis,IN,46239,210000,210759.2678925375,759.267892537493,0.003615561393035681,759.267892537493
L20254638,Charlotte,NC,28208,1000000,1000750.2849274743,750.2849274743348,0.0007502849274743348,750.2849274743348
L20253978,Other,GA,30344,240000,239259.1717526881,740.8282473119034,-0.0030867843637995976,-740.8282473119034
L20254616,Other,GA,30101,480000,480728.7179837142,728.7179837141884,0.0015181624660712259,728.7179837141884
L20254531,Other,FL,32308,710000,710707.1826039732,707.1826039731968,0.0009960318365819674,707.1826039731968
L20254251,Other,NC,28027,300000,299321.55336486973,678.446635130269,-0.0022614887837675633,-678.446635130269
L20254597,Other,AL,35215,155000,155665.21302561852,665.2130256185192,0.004291696939474317,665.2130256185192
L20254483,Other,OH,44119,150000,149469.37010845516,530.6298915448424,-0.0035375326102989493,-530.6298915448424
L20254911,Indianapolis,IN,46219,230000,230519.260638056,519.2606380560028,0.0022576549480695773,519.2606380560028
L20253976,Atlanta,GA,30314,360000,359569.9925577804,430.0074422195903,-0.0011944651172766398,-430.0074422195903
L20254818,Other,GA,31721,220000,220416.47715240245,416.4771524024545,0.0018930779654657023,416.4771524024545
L20254626,Other,OH,45229,370000,370393.6505704536,393.65057045361027,0.0010639204606854333,393.65057045361027
L20254928,Other,OH,44137,165000,165349.2665171832,349.26651718319044,0.002116766770807215,349.26651718319044
L20254319,Other,GA,30058,285000,285345.3346273173,345.3346273173229,0.0012117004467274487,345.3346273173229
L20254321,Other,OH,45036,255000,255322.13944303824,322.1394430382352,0.0012632919334832752,322.1394430382352
L20253947,Other,SC,29617,225000,225298.8801477583,298.88014775828924,0.0013283562122590633,298.88014775828924
L20253945,Other,NC,27520,255000,255295.30718444317,295.3071844431688,0.001158067389973211,295.3071844431688
L20254596,Other,NC,27292,200000,199710.59493141875,289.40506858125445,-0.0014470253429062722,-289.40506858125445
L20254275,Other,NC,28390,230000,229757.3141904824,242.6858095175994,-0.0010551556935547801,-242.6858095175994
L20254388,Other,GA,30060,400000,400152.1615147408,152.16151474078652,0.0003804037868519663,152.16151474078652
L20254427,Atlanta,GA,30314,360000,359860.25354259636,139.74645740364213,-0.0003881846038990059,-139.74645740364213
L20254386,Charlotte,NC,28215,430000,429883.19682896155,116.803171038453,-0.0002716352814847744,-116.803171038453
L20243796,Other,NC,28052,170000,170115.24940102044,115.24940102043911,0.0006779376530614065,115.24940102043911
L20254575,Other,GA,30058,340000,340003.9958529298,3.995852929772809,1.1752508616978851e-05,3.995852929772809
