loan_number,street_address,city,state,zipcode,actual_arv,rf_v2_pred_arv_webstyle,abs_error_dollars,pct_error,abs_error
L20254595,3571 Clubland Dr,Marietta,GA,30068,3800000,3148311.9615627425,651688.0384372575,-0.17149685222033093,-651688.0384372575
L20254473,1085 S Josephine St,Denver,CO,80209,3200000,2923580.8939011847,276419.10609881533,-0.0863809706558798,-276419.10609881533
L20254702,95 Bob White,Pittsboro,NC,27312,1500000,1228309.3179313154,271690.6820686846,-0.18112712137912307,-271690.6820686846
L20254308,813 Ambassador St,Charlotte,NC,28208,2160000,1898591.0691085523,261408.9308914477,-0.12102265319048505,-261408.9308914477
L20254526,5356 S Us Highway 421,Zionsville,IN,46077,1600000,1834393.0571078483,234393.05710784835,0.14649566069240522,234393.05710784835
L20254566,29 Olivette Rd,Asheville,NC,28804,940000,709910.2701236136,230089.72987638635,-0.24477630837913442,-230089.72987638635
L20254742,19499 Chad Hittle Dr,Westfield,IN,46074,1200000,1378192.0453501537,178192.0453501537,0.1484933711251281,178192.0453501537
L20254015,4732 Hidden Valley Rd,Charlotte,NC,28213,400000,222040.27722146758,177959.72277853242,-0.44489930694633106,-177959.72277853242
L20243864,2457 Paul Ave NW,Atlanta,GA,30318,440000,268453.00522184715,171546.99477815285,-0.389879533586711,-171546.99477815285
L20254340,532 S Fredrick Way,Boiling Springs,SC,29316,395000,230483.01919812307,164516.98080187693,-0.416498685574372,-164516.98080187693
L20254253,1200 Dekalb Ave NE,Atlanta,GA,30307,725000,583800.833652111,141199.166347889,-0.19475747082467448,-141199.166347889
L20254079,2001 Sevier St,Nashville,TN,37206,2000000,1865454.5273773316,134545.47262266837,-0.06727273631133418,-134545.47262266837
L20254099,2409 Kingsbury Dr,Charlotte,NC,28205,1650000,1518274.079107888,131725.92089211196,-0.07983389144976483,-131725.92089211196
L20254054,1041 McLendon Dr,Decatur,GA,30033,1200000,1326620.335544038,126620.3355440381,0.10551694628669842,126620.3355440381
L20243866,8706 Brief Rd,Charlotte,NC,28227,400000,278002.130038759,121997.86996124103,-0.30499467490310256,-121997.86996124103
L20254735,1104 Pamlico St,Charlotte,NC,28205,1200000,1312994.657538654,112994.65753865405,0.09416221461554504,112994.65753865405
L20254515,4433 Holly Cir NE,Conover,NC,28613,650000,546373.8201777206,103626.17982227937,-0.15942489203427596,-103626.17982227937
L20243885,1201 Louise Ave,Charlotte,NC,28205,1200000,1098060.4903696477,101939.50963035226,-0.08494959135862688,-101939.50963035226
L20254376,109 Milton Pl,South Orange,NJ,7079,640000,741311.6011945513,101311.60119455133,0.15829937686648646,101311.60119455133
L20254378,9 Rangeview Dr,Wheat Ridge,CO,80215,1350000,1450631.0627259354,100631.06272593536,0.07454152794513731,100631.06272593536
L20254170,1210 Thomasboro Dr,Charlotte,NC,28208,2160000,2260231.1368785226,100231.13687852258,0.04640330411042712,100231.13687852258
L20254732,13222 Braddock Rd,Clifton,VA,20124,1200000,1292520.430505578,92520.43050557794,0.07710035875464828,92520.43050557794
L20254164,3312 Holmes St,Kansas City,MO,64109,670000,581736.4554379033,88263.54456209671,-0.1317366336747712,-88263.54456209671
L20241380,1180 Fleming St SE,Smyrna,GA,30080,540000,453718.75513812236,86281.24486187764,-0.15978008307755118,-86281.24486187764
L20254866,90 Miry Creek Ln,Clinton,NC,28328,310000,223876.77856824774,86123.22143175226,-0.2778168433282331,-86123.22143175226
L20254154,227 Wingrave Dr,Charlotte,NC,28270,2900000,2814172.696542375,85827.30345762521,-0.02959562188193973,-85827.30345762521
L20254140,2824 N Brevard St,Charlotte,NC,28205,1700000,1619166.4928109492,80833.50718905078,-0.047549121875912224,-80833.50718905078
L20254200,2608 Ashley Rd,Charlotte,NC,28208,840000,764285.3650558344,75714.63494416559,-0.09013647017162571,-75714.63494416559
L20254115,2413 Rose Palm Pl,Atlanta,GA,30315,300000,224476.43783636505,75523.56216363495,-0.2517452072121165,-75523.56216363495
L20254942,2060 N Central Ave,Indianapolis,IN,46202,700000,625098.1670259415,74901.83297405846,-0.10700261853436922,-74901.83297405846
L20254135,49 Daniel Ave NE,Atlanta,GA,30317,1350000,1278870.4562288804,71129.54377111956,-0.05268855094157004,-71129.54377111956
L20254118,2958 Applewood Ct NE,Atlanta,GA,30345,900000,828959.4762388214,71040.5237611786,-0.07893391529019844,-71040.5237611786
L20254085,5001 Bell Rd,Hermitage,TN,37076,1000000,1067470.569356325,67470.56935632508,0.06747056935632509,67470.56935632508
L20254070,6029 Kimbrell Heights Dr,Indian Land,SC,29707,1520000,1584772.111173144,64772.111173144076,0.04261323103496321,64772.111173144076
L20254468,539 Amos Dr,Zionsville,IN,46077,320000,258703.5104166355,61296.48958336451,-0.1915515299480141,-61296.48958336451
L20254441,2318 Walker Ave,Winston Salem,NC,27103,440000,378891.0978432741,61108.902156725875,-0.13888386853801335,-61108.902156725875
L20254219,305 Ralph Dr,Archdale,NC,27263,285000,224595.45937611887,60404.54062388113,-0.2119457565750215,-60404.54062388113
L20253953,504 Raleigh St,Oxford,NC,27565,325000,265693.3916816505,59306.60831834952,-0.18248187174876776,-59306.60831834952
L20254462,669 Whitehead Rd,Buford,GA,30518,900000,959140.2887072703,59140.28870727029,0.06571143189696699,59140.28870727029
L20253984,1631 S Observatory Dr,Nashville,TN,37215,2400000,2458642.1085506384,58642.108550638426,0.024434211896099345,58642.108550638426
L20241585,408 Ideal Way,Charlotte,NC,28209,2260100,2203877.3805639884,56222.61943601165,-0.024876164521928965,-56222.61943601165
L20254607,12707 Littleton St,Silver Spring,MD,20906,560000,615204.7237585613,55204.723758561304,0.09857986385457376,55204.723758561304
L20254336,401 Norris Ave,Charlotte,NC,28206,1150000,1095426.7040747115,54573.29592528846,-0.047455039935033444,-54573.29592528846
L20254700,3417 Windsor Rd SW,Roanoke,VA,24018,450000,395508.76815928676,54491.23184071324,-0.12109162631269609,-54491.23184071324
L20254084,1210 Pimlico Ct,Marietta,GA,30062,660000,714284.1802843102,54284.18028431025,0.08224875800653068,54284.18028431025
L20254501,1717 Wilmore Dr,Charlotte,NC,28203,850000,902829.7540111972,52829.75401119725,0.06215265177787912,52829.75401119725
L20254538,3112 Greenway Blvd,Falls Church,VA,22042,700000,752749.0961942631,52749.09619426308,0.07535585170609012,52749.09619426308
L20254413,808 Broadmoor Dr,Nashville,TN,37216,480000,427736.41362207674,52263.58637792326,-0.10888247162067347,-52263.58637792326
L20253912,433 Sylvania Ave,Charlotte,NC,28206,1995000,1943337.9713382637,51662.02866173629,-0.025895753715156032,-51662.02866173629
L20243879,148 Cardinal Lane,West End,NC,27376,550000,498432.31703782623,51567.68296217377,-0.09375942356758868,-51567.68296217377
L20254533,50 Fourwood Dr,Covington,GA,30016,605000,554045.3319969594,50954.6680030406,-0.08422259174056297,-50954.6680030406
L20254184,617 Sherman St,Greensboro,NC,27410,370000,319945.4912880121,50054.50871198787,-0.1352824559783456,-50054.50871198787
L20254543,918 Arizona Ct,Richmond,VA,23224,330000,380024.72629955073,50024.72629955073,0.15159007969560828,50024.72629955073
L20253981,1608 Lasalle St,Charlotte,NC,28216,600000,550389.2749439921,49610.725056007854,-0.0826845417600131,-49610.725056007854
L20254821,2872 Unity St,Gastonia,NC,28052,750000,700714.4979400197,49285.502059980296,-0.0657140027466404,-49285.502059980296
L20254630,2389 Forest St,Denver,CO,80207,830000,782473.8501761102,47526.149823889835,-0.057260421474566066,-47526.149823889835
L20254529,1436 Heard Ave,Augusta,GA,30904,500000,452591.4256387527,47408.5743612473,-0.09481714872249461,-47408.5743612473
L20254587,3256 Convair Ln,Decatur,GA,30032,380000,332638.0874870449,47361.91251295508,-0.12463661187619758,-47361.91251295508
L20243897,9701 Julliard Dr,Mint Hill,NC,28227,560000,605576.1404604437,45576.14046044368,0.08138596510793515,45576.14046044368
L20254683,3477 River Mill Ln,Ellenwood,GA,30294,265000,220342.62304595992,44657.37695404008,-0.16851840360015125,-44657.37695404008
L20254143,106 Berry St,Fort Mill,SC,29715,300000,255680.48149727852,44319.518502721476,-0.14773172834240492,-44319.518502721476
L20254720,2991 Monterey Dr,Decatur,GA,30032,320000,276435.55219299736,43564.44780700264,-0.13613889939688326,-43564.44780700264
L20254640,4119 Nicole Eileen Ln,Charlotte,NC,28216,820000,777077.4760739388,42922.52392606123,-0.0523445413732454,-42922.52392606123
L20254745,1612 Sharon Rd W Apt 70,Charlotte,NC,28210,180000,222519.8418520078,42519.84185200781,0.23622134362226563,42519.84185200781
L20254856,3155 Briarcliffe Rd,Winston Salem,NC,27106,445000,486285.6124857396,41285.61248573958,0.09277665727132489,41285.61248573958
L20253983,3844 Rena Ln SE,Smyrna,GA,30082,610000,650948.3503940922,40948.35039409215,0.06712844326900352,40948.35039409215
L20254197,1704 Southgate St,Durham,NC,27703,425000,384199.37203063956,40800.627969360445,-0.09600147757496576,-40800.627969360445
L20254166,1549 Clarkson Rd,Richmond,VA,23224,280000,239534.7405472212,40465.25945277879,-0.14451878375992425,-40465.25945277879
L20254965,3024 Marlowe Ave,Charlotte,NC,28208,530000,490686.25558971113,39313.74441028887,-0.07417687624582806,-39313.74441028887
L20254449,2640 Elmin St,Charlotte,NC,28208,700000,661063.2544616729,38936.745538327144,-0.055623922197610205,-38936.745538327144
L20254213,4111 Cleveland Ave,Saint Louis,MO,63110,500000,538683.6175706373,38683.61757063726,0.07736723514127451,38683.61757063726
L20254890,965 Stokeswood Ave SE,Atlanta,GA,30316,500000,537527.5222459373,37527.52224593726,0.07505504449187451,37527.52224593726
L20254822,329 Troy St SE,Atlanta,GA,30315,420000,382673.77030885185,37326.22969114815,-0.08887197545511465,-37326.22969114815
L20254102,7329 Thorncliff Dr,Charlotte,NC,28210,535000,498823.6175190719,36176.38248092809,-0.06761940650640764,-36176.38248092809
L20254436,130 Flower St,Lakewood,CO,80226,740000,775625.4799016624,35625.479901662446,0.04814254040765195,35625.479901662446
L20254198,8315 Paw Valley Ln,Charlotte,NC,28214,350000,385596.0987854041,35596.098785404116,0.1017031393868689,35596.098785404116
L20254306,3213 Sweet Creek Ct,Henrico,VA,23233,600000,635560.3418720866,35560.34187208663,0.05926723645347772,35560.34187208663
L20254181,2020 Berrywood Ln,Clover,SC,29710,330000,294479.8229640253,35520.17703597469,-0.10763690010901421,-35520.17703597469
L20254162,115 Wellington St SW,Atlanta,GA,30314,370000,334549.94006792177,35450.059932078235,-0.09581097278940064,-35450.059932078235
L20254009,759 Springwood Dr,Lilburn,GA,30047,380000,415284.6335318009,35284.63353180088,0.09285429876789705,35284.63353180088
L20243835,85 Highland Ave SW,Concord,NC,28027,310000,274901.12584569375,35098.87415430625,-0.11322217469131048,-35098.87415430625
L20254248,3650 Glennmoor Dr,Pfafftown,NC,27040,510000,544966.6176640129,34966.61766401294,0.06856199541963322,34966.61766401294
L20254398,2691 Old Hickory Dr NW,Marietta,GA,30064,500000,465092.0328108323,34907.967189167684,-0.06981593437833537,-34907.967189167684
L20254415,2013 Azalea Dr,Goldsboro,NC,27530,195000,228888.67317408306,33888.67317408306,0.1737880675594003,33888.67317408306
L20254485,813 Beverly Dr,Summerville,SC,29485,470000,503762.70040296036,33762.700402960356,0.07183553277225607,33762.700402960356
L20254392,3550 E New York St,Indianapolis,IN,46201,300000,266554.3416931818,33445.65830681822,-0.11148552768939407,-33445.65830681822
L20254884,2315 Crutchfield St,Chattanooga,TN,37406,250000,283358.5215320281,33358.5215320281,0.1334340861281124,33358.5215320281
L20254618,501 Sadie Dr,Matthews,NC,28105,350000,383286.9852188993,33286.985218899325,0.09510567205399807,33286.985218899325
L20254188,3511 Brookview Dr,Marietta,GA,30068,510000,542865.2350540934,32865.23505409341,0.06444163736096747,32865.23505409341
L20254486,1225 Bridges Ave SW,Atlanta,GA,30310,470000,437170.85975451546,32829.14024548454,-0.06984923456486072,-32829.14024548454
L20254111,205 Colony Run,Johns Creek,GA,30022,460000,492271.67343676597,32271.673436765966,0.07015581181905645,32271.673436765966
L20254363,1549 Masters St,Orangeburg,SC,29115,290000,257992.494013581,32007.50598641901,-0.1103707102979966,-32007.50598641901
L20254263,203 Nokes Dr,Hendersonville,TN,37075,425000,393136.85307577084,31863.146924229164,-0.07497211040995097,-31863.146924229164
L20254521,720 Sweetbrier Rd,Memphis,TN,38120,850000,881716.3442174826,31716.344217482605,0.03731334613821483,31716.344217482605
L20254516,415 Doak St,Thomasville,NC,27360,200000,168706.42565807945,31293.574341920554,-0.15646787170960277,-31293.574341920554
L20254395,1472 Chapel Hill Ln SW,Marietta,GA,30008,425000,456278.6416282951,31278.641628295125,0.07359680383128264,31278.641628295125
L20254002,751 Lansdowne Rd,Charlotte,NC,28270,2800000,2769001.078806717,30998.92119328305,-0.011071043283315376,-30998.92119328305
L20243896,2272 Paul Ave NW,Atlanta,GA,30318,2445000,2414284.692532395,30715.307467604987,-0.01256249794176073,-30715.307467604987
L20254120,303 Quail Hollow Dr,Woodstock,GA,30188,420000,450645.34994317265,30645.349943172652,0.07296511891231584,30645.349943172652
L20254568,3508 Willow Springs Ln,Tallahassee,FL,32312,400000,369362.27628265746,30637.72371734254,-0.07659430929335635,-30637.72371734254
L20254641,123 Glade Valley Ave,Mooresville,NC,28117,460000,490010.33157627896,30010.331576278957,0.06523985125278034,30010.331576278957
L20254211,462 Bradley Ct,Lexington,KY,40508,175000,204915.97999888487,29915.979998884868,0.17094845713648496,29915.979998884868
L20254555,1870 Kirkland Rd,Covington,GA,30016,400000,370313.1044280895,29686.895571910485,-0.07421723892977622,-29686.895571910485
L20253949,2309 Chautauqua Ave,Durham,NC,27707,340000,310496.5124305451,29503.487569454883,-0.08677496343957318,-29503.487569454883
L20253966,1105 Ramport Dr,Florissant,MO,63033,200000,229471.89383487238,29471.893834872375,0.14735946917436188,29471.893834872375
L20254405,1218 N 27th St,Richmond,VA,23223,315000,285739.88046170626,29260.119538293744,-0.0928892683755357,-29260.119538293744
L20254391,424 Denton St,Durham,NC,27713,550000,579178.6388606848,29178.63886068482,0.05305207065579058,29178.63886068482
L20243854,308 Columbia St,Gastonia,NC,28054,600000,571240.9611246946,28759.038875305443,-0.04793173145884241,-28759.038875305443
L20254057,1586 Mims St SW,Atlanta,GA,30314,420000,391287.57126835134,28712.42873164866,-0.06836292555154443,-28712.42873164866
L20254536,2560 Inglewood Rd SW,Roanoke,VA,24015,450000,421407.2112927312,28592.788707268774,-0.06353953046059728,-28592.788707268774
L20254517,6738 Starcrest Dr,Charlotte,NC,28210,515000,543409.095956208,28409.09595620795,0.05516329311885039,28409.09595620795
L20254509,9913 Hazelview Dr,Charlotte,NC,28277,1250000,1278093.3560695164,28093.35606951639,0.022474684855613113,28093.35606951639
L20254638,134 S Gregg St,Charlotte,NC,28208,1000000,972191.483112834,27808.516887165955,-0.027808516887165954,-27808.516887165955
L20243898,514 W Blume St,Landis,NC,28088,265000,292765.96751301584,27765.967513015843,0.10477723589817299,27765.967513015843
L20254496,4627 Stafford Dr,Durham,NC,27705,420000,392357.68444294273,27642.31555705727,-0.06581503704061255,-27642.31555705727
L20254535,436 S Peace Haven Rd,Winston Salem,NC,27103,290000,262578.35738324217,27421.642616757832,-0.0945573883336477,-27421.642616757832
L20243877,3542 Windermere Dr,Hephzibah,GA,30815,170000,197363.2160049187,27363.216004918708,0.16096009414658063,27363.216004918708
L20254936,6041 Providence Country Club Dr,Charlotte,NC,28277,1650000,1622637.6699793935,27362.330020606518,-0.0165832303155191,-27362.330020606518
L20254860,213 Bynum Ave,Rock Hill,SC,29732,170000,197212.49292974992,27212.49292974992,0.16007348782205835,27212.49292974992
L20254971,5837 Cates Ave,Saint Louis,MO,63112,395000,367793.5083186302,27206.49168136978,-0.06887719413005007,-27206.49168136978
L20254456,4603 W Martin Mill Pike,Knoxville,TN,37920,360000,332858.0130563546,27141.986943645403,-0.07539440817679278,-27141.986943645403
L20254591,1804 N Delaware St,Indianapolis,IN,46202,380000,352957.33369632333,27042.66630367667,-0.07116491132546492,-27042.66630367667
L20254299,214 S Lake Dr,Hiram,GA,30141,245000,271991.0072148392,26991.00721483922,0.11016737638709886,26991.00721483922
L20254647,4555 Danforth Rd SW,Atlanta,GA,30331,750000,776892.591360877,26892.591360877035,0.03585678848116938,26892.591360877035
L20254814,1010 N Weldon St,Gastonia,NC,28052,225000,198340.30489320814,26659.695106791856,-0.1184875338079638,-26659.695106791856
L20243888,4560 Lanark Dr SW,Atlanta,GA,30331,465000,491215.59975020756,26215.599750207562,0.05637763387141411,26215.599750207562
L20254021,237 Harbor Village Dr,Georgetown,KY,40324,419430,393546.6599333161,25883.340066683886,-0.061710750462970906,-25883.340066683886
L20254229,116 Sumners Aly,Summerville,SC,29485,365000,339161.4078880217,25838.592111978272,-0.07079066332048842,-25838.592111978272
L20254016,34 Duke Dr,Lawrenceville,GA,30046,285000,310758.7671531597,25758.767153159715,0.09038163913389374,25758.767153159715
L20254886,406 Earl St,Clinton,NC,28328,280000,254243.0236311822,25756.97636881779,-0.09198920131720639,-25756.97636881779
L20253917,915 Barrington Dr NE,Lenoir,NC,28645,515000,489377.2124764848,25622.787523515173,-0.04975298548255373,-25622.787523515173
L20254433,3828 Delgany Dr,Charlotte,NC,28215,440000,465497.35750764044,25497.357507640438,0.0579485397900919,25497.357507640438
L20254206,212 E Main St,Cleveland,NC,27013,235000,209531.44372642628,25468.55627357372,-0.10837683520669668,-25468.55627357372
L20254403,3801 Peaceful Creek Trl,Zebulon,NC,27597,900000,925266.9134364211,25266.913436421077,0.028074348262690084,25266.913436421077
L20254564,2774 Miriam Ln,Decatur,GA,30032,300000,325093.7437393501,25093.743739350117,0.08364581246450038,25093.743739350117
L20254805,265 Bob Friday Rd,Dallas,NC,28034,415000,439980.3852539419,24980.385253941873,0.06019369940708885,24980.385253941873
L20254309,30 Arbutus Trl,Greenville,SC,29607,475000,450195.0910930816,24804.908906918427,-0.052220860856670374,-24804.908906918427
L20254157,640 Crooked Trace Ln,Seneca,SC,29672,1700000,1675298.684192793,24701.315807207022,-0.014530185768945308,-24701.315807207022
L20254249,4629 Olivine Ln,Pfafftown,NC,27040,480000,504618.9387908955,24618.93879089551,0.05128945581436565,24618.93879089551
L20254511,1470 Boat Rock Rd SW,Atlanta,GA,30331,1100000,1124330.0379225123,24330.037922512274,0.022118216293192976,24330.037922512274
L20254430,7491 Fairpoint Rd,Fayetteville,NC,28314,249246,224976.4585336727,24269.541466327297,-0.09737183933273671,-24269.541466327297
L20254361,4008 Portland Ridge Dr,Florissant,MO,63034,360000,335852.53268844285,24147.46731155715,-0.06707629808765875,-24147.46731155715
L20254559,2152 Paces Vale Pl,Lawrenceville,GA,30043,455000,430910.4919870119,24089.50801298808,-0.05294397365491886,-24089.50801298808
L20254801,163 Aztec Way,Acworth,GA,30102,345000,369060.9606946957,24060.960694695706,0.069741915057089,24060.960694695706
L20254304,2300 N Ball Ave,Muncie,IN,47304,190000,214039.24698244064,24039.246982440643,0.12652235253916128,24039.246982440643
L20254608,411 Jackson St,Albemarle,NC,28001,330000,306036.00037978415,23963.99962021585,-0.07261818066732076,-23963.99962021585
L20254080,3611 Tuckaseegee Rd,Charlotte,NC,28208,370000,346059.5498185297,23940.45018147031,-0.06470391940937922,-23940.45018147031
L20254176,1209 Katie Ave,Nashville,TN,37207,1700000,1676479.2072316494,23520.79276835057,-0.013835760451970923,-23520.79276835057
L20254031,515 Loughborough Ave,Saint Louis,MO,63111,240000,263352.7369912058,23352.736991205777,0.09730307079669073,23352.736991205777
L20254492,349 Dublin Ct,Gastonia,NC,28054,350000,326785.9042831954,23214.095716804615,-0.06632598776229891,-23214.095716804615
L20253956,11068 Ridge Forest Ct,Saint Louis,MO,63126,260000,236816.38386393836,23183.61613606164,-0.08916775436946785,-23183.61613606164
L20254313,418 N Highland Ave NE,Atlanta,GA,30307,1100000,1123008.7690462468,23008.769046246773,0.020917062769315247,23008.769046246773
L20254252,205 Winfield Rd,Dublin,GA,31021,240000,217132.8935615824,22867.1064384176,-0.09527961016007333,-22867.1064384176
L20254048,940 Harrison St,Florissant,MO,63031,265000,242355.19643901222,22644.803560987784,-0.08545208890938787,-22644.803560987784
L20253975,605 Elm St,Jacksonville,NC,28540,225000,202365.66045780046,22634.339542199537,-0.10059706463199794,-22634.339542199537
L20254383,535 Village Cir,Stockbridge,GA,30281,265000,287560.5764663057,22560.576466305705,0.08513425081624794,22560.576466305705
L20254353,847 Chartley Dr,Lilburn,GA,30047,365000,387494.4067770781,22494.40677707811,0.06162851171802222,22494.40677707811
L20254477,1855 Quailwood Dr,Stone Mountain,GA,30088,300000,322357.47285071854,22357.472850718535,0.07452490950239511,22357.472850718535
L20254510,6109 Tolliston Dr,Indianapolis,IN,46236,310000,287784.7042450247,22215.29575497529,-0.07166224437088803,-22215.29575497529
L20254589,16209 Throckley Ave,Cleveland,OH,44128,170000,192037.31290575926,22037.31290575926,0.12963125238681916,22037.31290575926
L20254284,2119 Thornlee Dr,North Charleston,SC,29405,330000,308179.334145796,21820.66585420398,-0.06612322986122418,-21820.66585420398
L20254097,360 Lookout High St,Chattanooga,TN,37419,280000,301527.42697879777,21527.42697879777,0.0768836677814206,21527.42697879777
L20254258,2312 Belt Rd,Knoxville,TN,37920,450000,428498.2678431269,21501.7321568731,-0.04778162701527355,-21501.7321568731
L20254095,4622 S Franklin Rd,Indianapolis,IN,46239,360000,381219.47134643735,21219.47134643735,0.05894297596232597,21219.47134643735
L20254420,3429 Oregon Trl,Decatur,GA,30032,360000,338789.637489427,21210.362510573003,-0.05891767364048056,-21210.362510573003
L20254840,7917 Hicks Ave,Saint Louis,MO,63117,260000,238958.28747617616,21041.712523823837,-0.08092966355316861,-21041.712523823837
L20254122,4019 Phylis Pl,Decatur,GA,30035,340000,319408.06079854333,20591.93920145667,-0.06056452706310785,-20591.93920145667
L20254424,1039 Williams St,Rock Hill,SC,29732,230000,209437.06348921367,20562.936510786327,-0.08940407178602751,-20562.936510786327
L20243871,6104 Bent Tree Ct,Charlotte,NC,28212,225000,245481.7480401038,20481.74804010379,0.09102999128935017,20481.74804010379
L20253907,3426 Sargeant Dr,Charlotte,NC,28217,370000,349544.1279659948,20455.87203400518,-0.05528614063244643,-20455.87203400518
L20243870,10121 Bon Oak Dr,Saint Louis,MO,63136,145000,165433.4036164661,20433.403616466094,0.14092002494114547,20433.403616466094
L20254189,1101 W Divine St,Dunn,NC,28334,310000,330415.3048767727,20415.304876772687,0.0658558221831377,20415.304876772687
L20254679,Allandale Dr,Amherst,OH,44001,370000,390324.61868620856,20324.61868620856,0.05493140185461773,20324.61868620856
L20243653,2728 Crawford Ave,Gastonia,NC,28052,290000,270016.1105397085,19983.88946029148,-0.06890996365617752,-19983.88946029148
L20254345,204 Britt St,Smithfield,NC,27577,245000,225039.61783051956,19960.382169480436,-0.08147094763053239,-19960.382169480436
L20243892,7360 Ahern Ave,Saint Louis,MO,63130,400000,380201.2815090935,19798.718490906525,-0.04949679622726631,-19798.718490906525
L20254053,120 Plantation Dr,Easley,SC,29642,440000,459716.81097932154,19716.81097932154,0.04481093404391259,19716.81097932154
L20254028,638 Kangaroo Dr,Poinciana,FL,34759,310000,290302.62096844136,19697.379031558638,-0.06353993235986657,-19697.379031558638
L20243179,355 Ransom Rd,Winston Salem,NC,27106,470000,489663.63038455247,19663.630384552467,0.041837511456494614,19663.630384552467
L20254032,5610 Streamside Dr,Indianapolis,IN,46278,250000,269456.1417467046,19456.141746704583,0.07782456698681833,19456.141746704583
L20254296,2277 Emerald Springs Dr,Decatur,GA,30035,275000,294324.6988841721,19324.698884172074,0.07027163230608027,19324.698884172074
L20254442,3526 Radcliffe Rd,Cleveland,OH,44121,185000,204234.30830635873,19234.308306358726,0.10396923408842554,19234.308306358726
L20253959,1722 Rudelle Dr,Florissant,MO,63031,210000,229220.65076559954,19220.650765599537,0.09152690840761685,19220.650765599537
L20254765,1103 W Elm St,Shelby,NC,28152,310000,329125.7622321687,19125.762232168694,0.061696007200544176,19125.762232168694
L20254617,3638 Ship Chandlers Wharf,Virginia Beach,VA,23453,300000,280953.50982123625,19046.49017876375,-0.06348830059587916,-19046.49017876375
L20254682,1004 S Ridge Ave,Kannapolis,NC,28083,180000,198895.83922630502,18895.83922630502,0.10497688459058344,18895.83922630502
L20254255,1664 Temple Ave,College Park,GA,30337,400000,381236.6304169181,18763.36958308192,-0.0469084239577048,-18763.36958308192
L20253950,8040 Rachel Wynd Rd NE,Leland,NC,28451,330000,348750.1356110078,18750.135611007805,0.05681859276062971,18750.135611007805
L20254004,485 NW 132nd St,North Miami,FL,33168,535000,516328.1532047254,18671.846795274585,-0.03490064821546651,-18671.846795274585
L20253977,220 Lancaster Way,Hiram,GA,30141,350000,368670.61992462346,18670.61992462346,0.05334462835606703,18670.61992462346
L20254601,1420 W Mauney Ave,Gastonia,NC,28052,170000,188510.33391548047,18510.33391548047,0.10888431714988513,18510.33391548047
L20254452,10 Heathwood Dr,Charleston,SC,29407,550000,531493.0613787597,18506.93862124032,-0.033648979311346035,-18506.93862124032
L20254507,950 Bruen St,Saint Augustine,FL,32084,250000,268397.0755083852,18397.0755083852,0.07358830203354079,18397.0755083852
L20254386,1708 Shannonhouse Dr,Charlotte,NC,28215,430000,411695.91564915644,18304.084350843565,-0.04256763802521759,-18304.084350843565
L20254067,235 Lakecrest Rd,Eden,NC,27288,235000,216856.96394632763,18143.036053672375,-0.07720440873903138,-18143.036053672375
L20254621,737 Longleaf Ln,Newport News,VA,23608,260000,241862.03653556012,18137.963464439876,-0.06976139794015337,-18137.963464439876
L20254132,1825 W Muhammad Ali Blvd,Louisville,KY,40203,170000,187994.07819895068,17994.07819895068,0.10584751881735693,17994.07819895068
L20254653,119 Ridge Rd,Fort Mill,SC,29715,420000,437959.63419734157,17959.63419734157,0.04276103380319421,17959.63419734157
L20254045,2012 Crossway Dr,Fayetteville,NC,28304,257000,274867.0237508602,17867.023750860186,0.06952149319400851,17867.023750860186
L20254489,508 W 4th Ave,Easley,SC,29640,195000,212846.8504512313,17846.850451231294,0.09152231000631433,17846.850451231294
L20254318,200 Rand Mill Rd,Garner,NC,27529,300000,317731.5660961824,17731.56609618239,0.059105220320607964,17731.56609618239
L20254808,2270 Britley Ter,Atlanta,GA,30349,245000,227283.71384519085,17716.286154809146,-0.0723113720604455,-17716.286154809146
L20253976,1182 Bronx St NW,Atlanta,GA,30314,360000,342336.18489112286,17663.81510887714,-0.04906615308021428,-17663.81510887714
L20254806,263 Bob Friday Rd,Dallas,NC,28034,360000,377647.3044475025,17647.30444750248,0.04902029013195133,17647.30444750248
L20254276,127 N Randolph Ave,Asheboro,NC,27203,180000,197619.33947347483,17619.33947347483,0.09788521929708238,17619.33947347483
L20254542,6100 McBride St,Charlotte,NC,28215,380000,397600.3395972003,17600.339597200276,0.04631668315052704,17600.339597200276
L20254460,1539 Kenyon Ave SW,Massillon,OH,44647,190000,207541.42077201937,17541.420772019366,0.09232326722115455,17541.420772019366
L20254563,1742 Fletchers Chapel Rd,Durham,NC,27703,305000,322506.02884177794,17506.028841777937,0.05739681587468176,17506.028841777937
L20254434,3631 Kenny Dr,Hope Mills,NC,28348,220000,202593.85494343482,17406.145056565176,-0.07911884116620535,-17406.145056565176
L20254372,1448 Hillside Pl SE,Conyers,GA,30094,360000,342611.30954767397,17388.69045232603,-0.048301917923127866,-17388.69045232603
L20243887,646 NE Saint Andrews Ct,Lees Summit,MO,64064,360000,342787.01012871787,17212.98987128213,-0.04781386075356148,-17212.98987128213
L20254354,6318 Forest Way Dr,Charlotte,NC,28212,570000,552797.4682508549,17202.531749145128,-0.030179880261658118,-17202.531749145128
L20254218,1554 Carter Rd,Decatur,GA,30032,365000,382118.3208807255,17118.320880725514,0.046899509262261684,17118.320880725514
L20254627,6841 Fireside Ln,Atlanta,GA,30349,360000,377053.96355577593,17053.963555775932,0.04737212098826648,17053.963555775932
L20254327,4130 Woodshire Pl,Clayton,IN,46118,440000,456974.2844972532,16974.28449725319,0.03857791931193907,16974.28449725319
L20254528,2685 Rivercliff Rd,Fayetteville,NC,28301,185000,201762.0737259808,16762.073725980794,0.0906058039242205,16762.073725980794
L20254071,903 E Livingston Ave,Columbus,OH,43205,230000,246698.67561994898,16698.675619948976,0.07260293747803902,16698.675619948976
L20254649,1521 Rosedale Ave,Nashville,TN,37207,470000,486687.59130204807,16687.591302048066,0.0355055134086129,16687.591302048066
L20254286,2142 Brandywine Falls Way,Orlando,FL,32824,520000,503362.3281135959,16637.671886404103,-0.031995522858469426,-16637.671886404103
L20253957,11966 Eckel Junction Rd,Perrysburg,OH,43551,280000,263411.1667569667,16588.833243033325,-0.059245833010833304,-16588.833243033325
L20254333,2326 Park Ave,Saint Louis,MO,63104,883000,899570.0492140522,16570.049214052153,0.018765627648983187,16570.049214052153
L20254619,183 Cherry Laural Ln,Savannah,GA,31419,320000,336331.055021952,16331.055021952023,0.05103454694360007,16331.055021952023
L20254626,4519 Bristol Ln,Cincinnati,OH,45229,370000,353739.14171488304,16260.858285116963,-0.043948265635451254,-16260.858285116963
L20254062,1510 Hascall Dr SW,Marietta,GA,30064,525000,508752.6982368584,16247.301763141586,-0.03094724145360302,-16247.301763141586
L20254457,1729 Cody St,Columbia,SC,29203,207500,223725.415882187,16225.415882186993,0.07819477533584093,16225.415882186993
L20254629,702 Stuart St,Lynchburg,VA,24501,245000,261175.92999329115,16175.929993291153,0.06602420405424961,16175.929993291153
L20254291,1408 Edgebrook Dr,Garner,NC,27529,390000,406085.9543638266,16085.954363826604,0.04124603683032463,16085.954363826604
L20254290,206 Saint Andrews Rd,Columbia,SC,29210,220000,236030.24494320725,16030.244943207246,0.07286474974185111,16030.244943207246
L20254748,174 Tammy Dr,Dallas,GA,30132,295000,310990.9031505011,15990.903150501079,0.054206451357630775,15990.903150501079
L20254165,1319 N Tuxedo St,Indianapolis,IN,46201,230000,245932.40309265713,15932.403092657129,0.06927131779416143,15932.403092657129
L20254233,22714 Verde Gate Ter,Ashburn,VA,20148,570000,585671.487604937,15671.48760493705,0.027493837903398335,15671.48760493705
L20254546,4515 Hartford Dr,Fort Wayne,IN,46835,320000,304344.6489742154,15655.351025784621,-0.04892297195557694,-15655.351025784621
L20254112,4417 Walter Nelson Rd,Mint Hill,NC,28227,575000,590639.7916413099,15639.791641309857,0.027199637637060622,15639.791641309857
L20254144,1686 Valencia Rd,Decatur,GA,30032,395000,379376.8691585607,15623.130841439299,-0.03955222997832734,-15623.130841439299
L20254490,2559 Kensington Dr W,Augusta,GA,30906,210000,225610.67941784725,15610.679417847248,0.07433656865641547,15610.679417847248
L20254466,3229 NW 41st Ave,Gainesville,FL,32605,300000,284453.5692342352,15546.430765764788,-0.05182143588588262,-15546.430765764788
L20254322,103 S Bend Dr,Knightdale,NC,27545,250000,234533.1327880295,15466.8672119705,-0.061867468847882,-15466.8672119705
L20254005,2806 Robin Hood Dr,Greensboro,NC,27408,225000,240307.3488122796,15307.348812279612,0.06803266138790938,15307.348812279612
L20254519,813 Lynhaven Dr,Gastonia,NC,28052,250000,234711.3477990562,15288.65220094379,-0.061154608803775164,-15288.65220094379
L20254147,2805 Alexandria Dr SW,Atlanta,GA,30331,240000,255281.4952122896,15281.495212289592,0.0636728967178733,15281.495212289592
L20254330,712 Copper Trace Way,Woodstock,GA,30189,370000,385159.8878443699,15159.887844369921,0.04097266984964844,15159.887844369921
L20254214,822 Lakeview Ct,Hinesville,GA,31313,245000,259918.3713469888,14918.371346988803,0.06089131162036246,14918.371346988803
L20254545,5493 Denny Dr,College Park,GA,30349,250000,264902.09414141515,14902.094141415146,0.059608376565660585,14902.094141415146
L20254918,4740 Brookwood Vw,Atlanta,GA,30349,247000,232260.46357790745,14739.536422092555,-0.0596742365266905,-14739.536422092555
L20254106,2218 Mirror Lake Dr,Fayetteville,NC,28303,440000,425260.5731093587,14739.426890641276,-0.033498697478730174,-14739.426890641276
L20254119,1941 Kimberly Rd SW,Atlanta,GA,30331,300000,285325.07626625616,14674.923733743839,-0.048916412445812796,-14674.923733743839
L20254061,2130 Ulen Ln,Lafayette,IN,47904,155000,169640.6247151046,14640.624715104612,0.09445564332325557,14640.624715104612
L20243874,2615 Virginia Cv,Riverdale,GA,30296,265000,279450.4486955897,14450.448695589672,0.054529995077696874,14450.448695589672
L20254381,303 Holland Rd,Fuquay Varina,NC,27526,600000,585557.1841739019,14442.815826098085,-0.024071359710163477,-14442.815826098085
L20254141,409 Scaleybark Rd,Charlotte,NC,28209,630000,644382.2611353229,14382.261135322857,0.0228289859290839,14382.261135322857
L20254482,150 Old Fairburn Close SW,Atlanta,GA,30331,420000,434292.7843474049,14292.7843474049,0.03403043892239262,14292.7843474049
L20243872,269 Owen Rd,Lexington,NC,27292,290000,275819.81839428336,14180.181605716643,-0.048897177950747044,-14180.181605716643
L20254161,1276 Elizabeth Ave SW,Atlanta,GA,30310,410000,424161.6943383307,14161.694338330708,0.03454071789836758,14161.694338330708
L20254369,328 Corwin Ave,Hamilton,OH,45015,190000,204102.50393981082,14102.50393981082,0.07422370494637273,14102.50393981082
L20254025,431 Peeden Dr,Gibsonville,NC,27249,400000,385898.4857898824,14101.514210117573,-0.035253785525293936,-14101.514210117573
L20254554,4095 Lauada Dr,Douglasville,GA,30135,270000,255954.60011967915,14045.399880320852,-0.0520199995567439,-14045.399880320852
L20254196,2414 Belfast Dr,Charlotte,NC,28208,395000,409040.7442918096,14040.74429180962,0.035546188080530686,14040.74429180962
L20254973,1595 Jonesboro Rd SE,Atlanta,GA,30315,235000,249028.5856127284,14028.585612728406,0.05969610899033364,14028.585612728406
L20243881,130 Bonnie Ln,Atlanta,GA,30328,950000,936080.8559713569,13919.144028643146,-0.01465173055646647,-13919.144028643146
L20254541,4 Planters Ln,Savannah,GA,31411,1100000,1113838.5477943614,13838.547794361366,0.01258049799487397,13838.547794361366
L20253955,709 Brown Mountain Loop Rd,Knoxville,TN,37920,355000,341179.2791215248,13820.720878475171,-0.03893160810838076,-13820.720878475171
L20254092,1304 Buffalo St,Michigan City,IN,46360,185000,198793.84833028758,13793.848330287583,0.07456134232587883,13793.848330287583
L20254938,1811 Tamworth Dr,Charlotte,NC,28210,800000,786257.7991611864,13742.200838813558,-0.01717775104851695,-13742.200838813558
L20254917,615 North St,Belmont,NC,28012,375000,388716.4785358021,13716.478535802104,0.036577276095472275,13716.478535802104
L20254740,1066 Allston Rd,Cleveland Heights,OH,44121,230000,216386.62481913145,13613.375180868548,-0.05918858774290673,-13613.375180868548
L20254362,508 Brooklyn Ave,Kansas City,MO,64124,350000,336474.3122377113,13525.687762288726,-0.03864482217796779,-13525.687762288726
L20254033,2563 N Emerson Street,Denver,CO,80205,895000,908469.5895123403,13469.589512340259,0.01504982068417906,13469.589512340259
L20254153,1355 Leheigh Ct,Winston Salem,NC,27103,360000,373358.3304781605,13358.330478160526,0.037106473550445905,13358.330478160526
L20254502,4138 Ivy Ave,Knoxville,TN,37914,320000,306657.333693504,13342.666306496016,-0.04169583220780005,-13342.666306496016
L20254046,3810 Memphis Ave,Cleveland,OH,44109,195000,208233.25033626636,13233.250336266356,0.06786282223726336,13233.250336266356
L20254947,762 Courtney St SE,Concord,NC,28025,480000,493224.72652999684,13224.726529996842,0.027551513604160086,13224.726529996842
L20254816,7015 Vesta Brook Dr,Morrow,GA,30260,255000,268201.3950931994,13201.39509319939,0.051770176836076036,13201.39509319939
L20254791,1350 Barth Ave,Indianapolis,IN,46203,400000,386847.3544808964,13152.645519103622,-0.03288161379775906,-13152.645519103622
L20254277,2943 Ole Bluff Mill Rd,Fayetteville,NC,28306,190000,203146.04240447725,13146.042404477252,0.06918969686566974,13146.042404477252
L20254237,506 Hunt Ave,Richmond,VA,23222,225000,238031.4535627552,13031.453562755196,0.05791757139002309,13031.453562755196
L20254262,1746 Stoneybrook Dr,High Point,NC,27265,240000,252887.44535559264,12887.445355592645,0.05369768898163602,12887.445355592645
L20254869,310 Somers Ave,Burlington,NC,27215,170000,182830.7104077419,12830.710407741892,0.07547476710436407,12830.710407741892
L20254599,10 Hickory Loop,Ocala,FL,34472,350000,337264.21089860034,12735.789101399656,-0.03638796886114187,-12735.789101399656
L20243904,6466 Applewhite Rd,Fayetteville,NC,28304,205000,217721.9025548993,12721.902554899309,0.06205806124341126,12721.902554899309
L20254425,3800 Landgraf Cv,Decatur,GA,30034,255000,267685.9268504357,12685.926850435673,0.049748732746806565,12685.926850435673
L20254557,4285 Barr Ln,Westminster,CO,80031,535000,547564.9066706405,12564.906670640456,0.0234858068610102,12564.906670640456
L20254068,2418 Meadow Lark Dr,East Pt,GA,30344,355000,367525.679676893,12525.679676892993,0.03528360472364223,12525.679676892993
L20254552,8900 Blaydon Dr,Charlotte,NC,28227,300000,287515.69401052216,12484.305989477842,-0.04161435329825947,-12484.305989477842
L20243902,4360 NW 194th St,Miami Gardens,FL,33055,630000,642340.789195656,12340.789195655962,0.019588554278818986,12340.789195655962
L20254692,4226 Norwaldo Ave,Indianapolis,IN,46205,315000,302704.31073208567,12295.689267914335,-0.03903393418385503,-12295.689267914335
L20254269,910 Pine St,Perrysburg,OH,43551,380000,392294.99408536847,12294.994085368467,0.03235524759307491,12294.994085368467
L20254962,820 Pamela Dr,Griffin,GA,30224,190000,202228.30000385793,12228.300003857934,0.06435947370451545,12228.300003857934
L20254703,5265 Country Club Rd,Winston Salem,NC,27104,300000,287792.4974364161,12207.502563583897,-0.040691675211946325,-12207.502563583897
L20254834,2223 Barnhardt Ave NW,Concord,NC,28027,320000,332183.587714441,12183.587714441004,0.03807371160762814,12183.587714441004
L20254380,17389 Mooresville Rd,Mooresville,NC,28115,290000,302168.0457904356,12168.045790435572,0.04195877858770887,12168.045790435572
L20254767,2475 Bouldercliff Way SE,Atlanta,GA,30316,430000,417899.67296047485,12100.327039525146,-0.028140295440756153,-12100.327039525146
L20254585,790 Loyola Dr,Florissant,MO,63031,205000,217085.33154248228,12085.33154248228,0.05895283679259648,12085.33154248228
L20254240,1233 Redford Dr SE,Atlanta,GA,30315,205000,217057.22688405885,12057.226884058851,0.05881574089784806,12057.226884058851
L20254194,7320 Glenmont Dr,Charlotte,NC,28227,350000,338065.97116196965,11934.028838030354,-0.0340972252515153,-11934.028838030354
L20254171,3839 Mountain Cove Dr,Charlotte,NC,28216,910000,898076.1756288301,11923.824371169903,-0.01310310370458231,-11923.824371169903
L20254244,1020 Quindaro Blvd,Kansas City,KS,66104,200000,211897.12355532352,11897.123555323516,0.05948561777661758,11897.123555323516
L20254950,2 Willow Oak Rd W,Hilton Head Island,SC,29928,2400000,2411836.8936017775,11836.893601777498,0.004932039000740624,11836.893601777498
L20254738,2819 Reeves Ln,Albany,GA,31721,215000,203217.5127357109,11782.487264289113,-0.05480226634553076,-11782.487264289113
L20254328,3428 Daisy Cres,Virginia Beach,VA,23453,400000,388378.5028223501,11621.497177649871,-0.029053742944124678,-11621.497177649871
L20254724,6809 Yorkdale Ct,Lithonia,GA,30058,275000,263400.8779452147,11599.122054785315,-0.04217862565376478,-11599.122054785315
L20254357,170 Heritage Ln,Salisbury,NC,28147,340000,328443.9487797006,11556.051220299385,-0.03398838594205701,-11556.051220299385
L20254243,8356 Meadow Lakes Dr,Charlotte,NC,28210,330000,341463.0501796632,11463.050179663172,0.03473651569594901,11463.050179663172
L20254777,2221 Urban St,Winston Salem,NC,27107,150000,161459.49921609528,11459.499216095282,0.07639666144063521,11459.499216095282
L20254518,3852 Crusade Dr,Winston Salem,NC,27101,250000,238589.21026410724,11410.789735892758,-0.04564315894357104,-11410.789735892758
L20254342,151 Mill House Ln,Lexington,SC,29072,410000,421405.9250542209,11405.92505422089,0.027819329400538755,11405.92505422089
L20254020,5734 Brookhaven Rd,Charlotte,NC,28210,630000,641403.3960979898,11403.396097989753,0.01810062872696786,11403.396097989753
L20253982,10816 Thornview Dr,Cincinnati,OH,45241,222000,233380.87062504486,11380.87062504486,0.051265182995697565,11380.87062504486
L20254675,1520 Acacia St,Charleston,SC,29407,665000,653709.2323904798,11290.767609520233,-0.016978597909052984,-11290.767609520233
L20254560,2949 Oetting Dr,Saint Charles,MO,63303,320000,331258.3416238789,11258.341623878921,0.03518231757462163,11258.341623878921
L20254397,702 Emily Pl NW,Atlanta,GA,30318,500000,511255.12196073803,11255.121960738034,0.02251024392147607,11255.121960738034
L20254514,10 S Coulter Ave,Newton,NC,28658,180000,168751.1609369752,11248.839063024789,-0.06249355035013771,-11248.839063024789
L20254300,7151 Bramlett Ln,Harrison,TN,37341,249000,237752.60806846662,11247.391931533377,-0.045170248721017575,-11247.391931533377
L20254223,2610 Sherwood Dr SE,Decatur,AL,35601,310000,321235.4194514982,11235.419451498194,0.03624328855321998,11235.419451498194
L20254058,3140 Periwinkle Ct,Charlotte,NC,28269,330000,341140.56444321305,11140.56444321305,0.033759286191554695,11140.56444321305
L20254639,204 E Lynch St,Durham,NC,27701,450000,461134.8526583983,11134.852658398275,0.02474411701866283,11134.852658398275
L20254730,7834 Wayne Ave,Saint Louis,MO,63130,275000,264026.1897076747,10973.810292325274,-0.03990476469936463,-10973.810292325274
L20254853,217 E 13th Pl,Hobart,IN,46342,170000,159137.37868164704,10862.621318352962,-0.06389777246089977,-10862.621318352962
L20254158,6384 Lincolnia Rd,Alexandria,VA,22312,750000,760804.4075049094,10804.407504909439,0.014405876673212586,10804.407504909439
L20254484,23 University Dr,Longmont,CO,80503,539000,528406.748770594,10593.251229405985,-0.019653527327283832,-10593.251229405985
L20254725,5244 Ruth Dr,Charlotte,NC,28215,370000,380546.0700158499,10546.070015849895,0.028502891934729446,10546.070015849895
L20254579,164 Airy Hall Dr,Orangeburg,SC,29118,260000,270535.28149897844,10535.281498978438,0.040520313457609376,10535.281498978438
L20253988,3511 Flint Ave,Ellenwood,GA,30294,225000,235479.52146620408,10479.521466204082,0.04657565096090703,10479.521466204082
L20254586,2708 S Hunter Rd,Indianapolis,IN,46239,210000,220463.91351374303,10463.913513743028,0.04982815958925251,10463.913513743028
L20243890,209 Griffin St,Lawrenceville,GA,30046,290000,279588.92091130425,10411.079088695755,-0.03590027271964053,-10411.079088695755
L20243899,909 Roosevelt St,Winston Salem,NC,27105,215000,225353.18760022242,10353.187600222416,0.04815436093126705,10353.187600222416
L20254539,2317 Sheryl Dr,Decatur,GA,30032,210000,220339.6803752959,10339.680375295895,0.04923657321569474,10339.680375295895
L20253962,1881 Broad Ave,East Pt,GA,30344,240000,229757.77351634944,10242.226483650564,-0.04267594368187735,-10242.226483650564
L20254394,115 Santee Dr,Louisburg,NC,27549,400000,389781.26457869634,10218.73542130366,-0.02554683855325915,-10218.73542130366
L20254113,5405 N Central St,Gladstone,MO,64118,300000,289916.5352959905,10083.464704009471,-0.033611549013364904,-10083.464704009471
L20254239,12708 Shephards Landing Dr,Wake Forest,NC,27587,720000,730081.3060642994,10081.306064299424,0.014001813978193644,10081.306064299424
L20254616,4662 Webster Way NW,Acworth,GA,30101,480000,490070.70907935995,10070.70907935995,0.020980643915333226,10070.70907935995
L20254479,308 S Holland St,Dallas,NC,28034,260000,249965.75048387935,10034.249516120646,-0.038593267369694796,-10034.249516120646
L20254010,4614 Southern Webbing Mill Rd,Greensboro,NC,27405,212500,222529.3165938205,10029.316593820491,0.04719678397091996,10029.316593820491
L20254298,3224 Newcastle Way,Snellville,GA,30039,320000,330017.49316663767,10017.493166637665,0.031304666145742704,10017.493166637665
L20254461,4015 Wisdom Way,Smyrna,TN,37167,410000,419948.2864558712,9948.286455871188,0.0242641133070029,9948.286455871188
L20254870,2274 Tiffany Ct,Jonesboro,GA,30236,275000,284935.10067965003,9935.10067965003,0.036127638835091014,9935.10067965003
L20254294,1471 Eason St NW,Atlanta,GA,30314,400000,390065.06923639745,9934.930763602548,-0.02483732690900637,-9934.930763602548
L20254199,1801 Wensley Dr,Charlotte,NC,28210,730000,720087.4778602313,9912.522139768698,-0.013578797451737942,-9912.522139768698
L20253948,133 Dickert Dr,Lexington,SC,29073,225000,215156.83230851596,9843.167691484035,-0.04374741196215127,-9843.167691484035
L20254414,112 Beatrice Ln,Summerville,SC,29485,275000,265158.28442506614,9841.715574933856,-0.03578805663612311,-9841.715574933856
L20254537,3627 Hogan Rd SW,Atlanta,GA,30331,250000,259816.65255803932,9816.65255803932,0.03926661023215729,9816.65255803932
L20254450,1103 Montgomery St,Laurel,MD,20707,500000,490187.73295840196,9812.26704159804,-0.019624534083196078,-9812.26704159804
L20254368,3024 Poplar Cir,Shelby,NC,28152,235000,244765.26439411097,9765.26439411097,0.04155431657068498,9765.26439411097
L20254459,8050 W Oak St,Zionsville,IN,46077,500000,490246.79491521977,9753.205084780231,-0.01950641016956046,-9753.205084780231
L20254429,858 28th St,Newport News,VA,23607,220000,210251.416866278,9748.583133721986,-0.04431174151691812,-9748.583133721986
L20243868,131 North Ave,Jonesboro,GA,30236,225000,234715.63862323292,9715.638623232924,0.04318061610325744,9715.638623232924
L20254588,8341 Antioch Rd,Overland Park,KS,66212,240000,230305.89987032954,9694.100129670464,-0.04039208387362693,-9694.100129670464
L20254246,1452 Robinwood Rd,Gastonia,NC,28054,385000,394645.1472620408,9645.147262040817,0.02505233055075537,9645.147262040817
L20254100,6443 Yates Ct,Montgomery,AL,36117,155000,164532.67847224633,9532.678472246334,0.061501151433847316,9532.678472246334
L20254238,411 Artmus St,Augusta,GA,30901,135000,144529.09654981806,9529.09654981806,0.07058590036902267,9529.09654981806
L20254864,14801 Westropp Ave,Cleveland,OH,44110,140000,149518.9893099364,9518.989309936413,0.0679927807852601,9518.989309936413
L20254060,7702 Mary Ln,Indianapolis,IN,46217,240000,249492.99245053597,9492.992450535967,0.03955413521056653,9492.992450535967
L20254191,100 Mariners Cir,Sneads Ferry,NC,28460,370000,379483.84352156054,9483.843521560542,0.025632009517731195,9483.843521560542
L20254216,2622 Hemphill St,Charlotte,NC,28208,275000,265594.32292401727,9405.677075982734,-0.03420246209448267,-9405.677075982734
L20253973,917 Buttercup Dr,Saint Johns,FL,32259,370000,379382.7707897041,9382.770789704111,0.025358839972173274,9382.770789704111
L20254481,623 Baylor Rd,Glen Burnie,MD,21061,410000,419256.67547175894,9256.675471758936,0.022577257248192525,9256.675471758936
L20254232,1300 Waverly Dr,Forest Park,GA,30297,195000,204231.08837564357,9231.088375643565,0.04733891474689008,9231.088375643565
L20254131,105 E Maple Ave #9,Holly Springs,NC,27540,500000,509187.36460475635,9187.364604756352,0.018374729209512705,9187.364604756352
L20254365,6179 Holiday Blvd,Forest Park,GA,30297,215000,224137.59802583052,9137.59802583052,0.042500455934095446,9137.59802583052
L20254138,4222 Farlin Ave,Greensboro,NC,27407,300000,309111.993286391,9111.993286391022,0.03037331095463674,9111.993286391022
L20243901,1507 Axum Rd,Garner,NC,27529,285000,275922.87547207484,9077.12452792516,-0.03184955974710582,-9077.12452792516
L20254221,2615 Windage Dr SW,Marietta,GA,30008,410000,418900.8692817754,8900.869281775376,0.02170943727262287,8900.869281775376
L20254124,3377 Split Wood Way,Powder Springs,GA,30127,375000,383876.0837551619,8876.083755161904,0.023669556680431744,8876.083755161904
L20254842,5406 Oxford Ave,Raytown,MO,64133,310000,318861.9561284303,8861.95612843032,0.02858695525300103,8861.95612843032
L20254056,2552 Poplar St,Snellville,GA,30078,375000,383839.56759225926,8839.567592259264,0.023572180246024702,8839.567592259264
L20254592,3206 Pine Branch Ct,Decatur,GA,30034,320000,328756.3691346844,8756.369134684384,0.0273636535458887,8756.369134684384
L20254136,4430 Forrest Dr,Martinez,GA,30907,290000,281263.147529558,8736.852470442012,-0.0301270774842828,-8736.852470442012
L20254662,7979 Charlecot Dr,Indianapolis,IN,46268,265000,273729.3684923229,8729.368492322916,0.03294101317857704,8729.368492322916
L20253999,4042 Whipple Pl,Charlotte,NC,28215,390000,398713.0201640307,8713.02016403072,0.022341077343668515,8713.02016403072
L20254443,10544 Murat Dr,Saint Louis,MO,63136,175000,183618.01062616962,8618.01062616962,0.04924577500668354,8618.01062616962
L20254303,8229 Queens Dr,Jonesboro,GA,30238,260000,268593.8285861233,8593.828586123302,0.03305318686970501,8593.828586123302
L20254620,2363 Englewood Dr,East Pt,GA,30344,350000,341412.7699884566,8587.230011543375,-0.02453494289012393,-8587.230011543375
L20254251,4524 Orphanage Rd,Concord,NC,28027,300000,291435.8217106,8564.178289400006,-0.028547260964666688,-8564.178289400006
L20253980,27 Hunt St,Greenville,SC,29611,310000,318555.66093720926,8555.660937209264,0.027598906249062142,8555.660937209264
L20254427,1522 Andrews St NW,Atlanta,GA,30314,360000,351446.0326997388,8553.967300261196,-0.023761020278503322,-8553.967300261196
L20254609,751 Trago Creek Dr,Ballwin,MO,63021,480000,488522.3997293736,8522.399729373574,0.017754999436194945,8522.399729373574
L20254495,1220 Milton Ave,Kannapolis,NC,28081,215000,223509.06879191488,8509.068791914877,0.03957706414844129,8509.068791914877
L20254941,1112 E Shoreview Rd,McDonough,GA,30253,340000,331534.57932873216,8465.420671267842,-0.024898296091964242,-8465.420671267842
L20254273,2052 Pleasant Ave,Hamilton,OH,45015,190000,198447.69118514378,8447.691185143776,0.0444615325533883,8447.691185143776
L20254193,201 McIntire Ave NE,Cleveland,TN,37312,410000,418415.7638669803,8415.763866980327,0.020526253334098358,8415.763866980327
L20254366,419 E Pleasant St,Mount Vernon,OH,43050,230000,238374.23797918647,8374.237979186466,0.03640973034428898,8374.237979186466
L20254321,908 Hartz Dr,Lebanon,OH,45036,255000,263364.0906191114,8364.090619111375,0.03280035536906422,8364.090619111375
L20254637,3865 Lee Heights Blvd,Cleveland,OH,44128,135000,143311.61317723186,8311.613177231862,0.06156750501653231,8311.613177231862
L20254360,2488 Senate St,Columbia,SC,29205,200000,208180.22112002384,8180.221120023838,0.04090110560011919,8180.221120023838
L20253971,3102 Pawnee Dr,Indianapolis,IN,46235,190000,198152.0634758742,8152.063475874194,0.042905597241443126,8152.063475874194
L20254179,2508 Gardner St,Gastonia,NC,28056,220000,211880.3662337229,8119.633766277111,-0.03690742621035051,-8119.633766277111
L20254877,102 Daventry Pl,Mooresville,NC,28117,325000,333091.82549361646,8091.825493616459,0.024897924595742953,8091.825493616459
L20254623,3240 Michigan Ave,Saint Louis,MO,63118,230000,237927.79847051812,7927.798470518115,0.034468689002252674,7927.798470518115
L20253943,1008 Gaston Ave,Gastonia,NC,28052,400000,392082.00147060194,7917.998529398057,-0.019794996323495143,-7917.998529398057
L20254163,51 Murray Ave,Annapolis,MD,21401,1300000,1292104.3461970713,7895.653802928748,-0.0060735798484067285,-7895.653802928748
L20254078,1253 Sunset Ave,Cincinnati,OH,45205,140000,147802.71661904242,7802.716619042418,0.05573369013601727,7802.716619042418
L20254091,1434 SE Concha St,Port Saint Lucie,FL,34983,267500,275280.7995917685,7780.799591768475,0.02908710127763916,7780.799591768475
L20254235,618 Mosswood Ln,Fayetteville,NC,28311,175000,182749.2209580358,7749.2209580357885,0.04428126261734736,7749.2209580357885
L20254747,9050 Wooten Rd,Chattanooga,TN,37416,239000,231298.9936136648,7701.006386335212,-0.032221784043243565,-7701.006386335212
L20254039,1271 Pine Ave,East Pt,GA,30344,230000,222349.93149233854,7650.068507661461,-0.033261167424615046,-7650.068507661461
L20254644,1335 Sunset Dr,Norfolk,VA,23503,330000,337623.52352867334,7623.523528673337,0.023101586450525263,7623.523528673337
L20254407,3608 S Champion Ave,Columbus,OH,43207,200000,207531.94249134595,7531.942491345952,0.037659712456729756,7531.942491345952
L20254029,815 S 13th St,Wilmington,NC,28401,380000,372513.95420082496,7486.0457991750445,-0.019700120524144854,-7486.0457991750445
L20254018,1422 Olive St,Indianapolis,IN,46203,290000,282579.5366162564,7420.463383743598,-0.025587804771529648,-7420.463383743598
L20254077,1105 Lovely Ln,Perry,GA,31069,210000,202750.64525099657,7249.354749003425,-0.03452073690001631,-7249.354749003425
L20254236,2520 Neblett Ave,Shively,KY,40216,185000,192241.69499379286,7241.694993792858,0.03914429726374518,7241.694993792858
L20254547,4832 Miranda Dr,Hope Mills,NC,28348,280000,272770.8792647231,7229.120735276898,-0.025818288340274637,-7229.120735276898
L20254636,738 Edgewood Rd,Richmond Heights,OH,44143,310000,302771.7740496991,7228.225950300926,-0.023316857904196537,-7228.225950300926
L20254116,5010 Conestoga Ct,Stone Mountain,GA,30087,350000,342795.12682959187,7204.873170408129,-0.0205853519154518,-7204.873170408129
L20254270,1134 N Clay Ave,Springfield,MO,65802,240000,232857.39472426122,7142.605275738781,-0.029760855315578254,-7142.605275738781
L20254292,662 Mahoney Rd,Hinesville,GA,31313,200000,207114.6743038037,7114.674303803709,0.03557337151901855,7114.674303803709
L20254187,105 Pleasant Dr,Mauldin,SC,29662,270000,277072.61432144215,7072.614321442146,0.026194867857193136,7072.614321442146
L20254551,218 Nicki Ct,Hampton,GA,30228,245000,238006.71278538133,6993.287214618671,-0.028544029447423146,-6993.287214618671
L20254088,1580 Patterson Rd,Salisbury,NC,28147,280000,273032.0996583646,6967.900341635395,-0.024885358362983556,-6967.900341635395
L20254259,2453 Barnhardt Ave NW,Concord,NC,28027,300000,306936.62132733304,6936.621327333036,0.02312207109111012,6936.621327333036
L20243263,307 Old Salem Way,Martinez,GA,30907,300000,306917.9068181212,6917.906818121206,0.023059689393737353,6917.906818121206
L20254051,500 Lost Tree Ct,Fayetteville,NC,28314,215000,208098.13040129305,6901.869598706951,-0.03210171906375326,-6901.869598706951
L20254049,2851 Boulevard Pl,Indianapolis,IN,46208,320000,326864.37702542264,6864.37702542264,0.02145117820444575,6864.37702542264
L20254556,2919 Manitoba Ln,Marietta,GA,30062,500000,506777.9391297256,6777.9391297256225,0.013555878259451246,6777.9391297256225
L20253945,213 Pineland Ave,Clayton,NC,27520,255000,261686.71947641618,6686.719476416183,0.02622242931927915,6686.719476416183
L20220206,1780 23rd Avenue Ln NE,Hickory,NC,28601,295275,301957.7963639438,6682.79636394378,0.022632448950787504,6682.79636394378
L20254550,1601 Carlton Ave,Kannapolis,NC,28083,250000,243327.09072438016,6672.909275619837,-0.02669163710247935,-6672.909275619837
L20254013,9041 Southcrest Ct,Jonesboro,GA,30238,265000,271618.0344015751,6618.034401575103,0.02497371472292492,6618.034401575103
L20254037,100 Willow Creek Dr,Locust Grove,GA,30248,330000,336604.9660124733,6604.966012473276,0.02001504852264629,6604.966012473276
L20254007,549 Manhasset Rd,Charlotte,NC,28209,670000,663398.1473192191,6601.852680780925,-0.009853511463852127,-6601.852680780925
L20254052,2743 Melinda Dr,Winston Salem,NC,27103,350000,343432.1564841919,6567.843515808112,-0.018765267188023176,-6567.843515808112
L20254445,702 3rd St,Spencer,NC,28159,200000,206525.0412787694,6525.041278769408,0.032625206393847035,6525.041278769408
L20242101,4764 Melvina Rd,Greensboro,NC,27406,390000,383512.76988065767,6487.230119342334,-0.016633923382929062,-6487.230119342334
L20254384,227 W B St,Newton,NC,28658,190000,196434.35139584536,6434.351395845355,0.0338650073465545,6434.351395845355
L20254818,2705 Brittany Rd,Albany,GA,31721,220000,226361.89644947834,6361.896449478343,0.02891771113399247,6361.896449478343
L20254574,1009 S Ann St,Independence,MO,64056,190000,196325.87096981492,6325.870969814918,0.033294057735867987,6325.870969814918
L20254761,1980 Bethania-Rural Hall Rd,Winston Salem,NC,27106,230000,236292.064610939,6292.064610939007,0.027356802656256552,6292.064610939007
L20243886,122 Old Fisher Ferry Rd,Thomasville,NC,27360,220000,226223.61143715045,6223.611437150452,0.028289142896138417,6223.611437150452
L20254390,314 N 32nd St,Kansas City,KS,66102,150000,156214.28804804562,6214.288048045622,0.041428586986970814,6214.288048045622
L20254534,309 E Pressley Ave,Mooresville,NC,28115,235000,228835.30465021616,6164.69534978384,-0.02623274616929294,-6164.69534978384
L20254377,6230 Harrison St,Kansas City,MO,64110,200000,206129.6513603574,6129.651360357413,0.030648256801787066,6129.651360357413
L20254364,3910 Mistletoe Dr,Indianapolis,IN,46237,260000,266108.41500871215,6108.4150087121525,0.023493903879662124,6108.4150087121525
L20254283,401 E 36th St,Kansas City,MO,64109,1300000,1306087.1974236795,6087.197423679521,0.004682459556676555,6087.197423679521
L20254483,17906 Hillgrove Ave,Cleveland,OH,44119,150000,144065.7253445251,5934.274655474903,-0.03956183103649935,-5934.274655474903
L20254022,1785 Ralee Dr,Winston Salem,NC,27127,280000,274099.87191051355,5900.128089486447,-0.021071886033880168,-5900.128089486447
L20253970,238 Dockside Dr,Lexington,NC,27292,380000,374107.10478842555,5892.895211574447,-0.015507618977827492,-5892.895211574447
L20254156,2024 Collier Cir W,Decatur,GA,30032,330000,324121.23845744674,5878.761542553257,-0.01781442891682805,-5878.761542553257
L20254645,809 Elwood St,Middletown,OH,45042,160000,154146.1802230334,5853.819776966586,-0.03658637360604116,-5853.819776966586
L20253968,1752 Kessler Boulevard West Dr,Indianapolis,IN,46228,270000,275790.62554761587,5790.625547615869,0.021446761287466184,5790.625547615869
L20254577,305 Spicewood Dr,Greensboro,NC,27405,220000,214227.95250631816,5772.0474936818355,-0.026236579516735616,-5772.0474936818355
L20254040,701 Grandview Dr,Durham,NC,27703,345000,339250.63742175547,5749.362578244531,-0.01666481906737545,-5749.362578244531
L20254127,605 Laurel Way,North Lauderdale,FL,33068,455000,460694.26343115914,5694.263431159139,0.01251486468386624,5694.263431159139
L20254946,11830 Seven Hills Dr,Florissant,MO,63033,250000,255651.55569110723,5651.555691107234,0.02260622276442894,5651.555691107234
L20243880,602 Sharon Dr,Statesville,NC,28625,660000,654360.0508008457,5639.9491991542745,-0.008545377574476173,-5639.9491991542745
L20253964,701 Lowdermilk St,Greensboro,NC,27401,185000,190605.85803287642,5605.858032876422,0.030301935312845522,5605.858032876422
L20254382,125 Belmont Farms Dr,Ellenwood,GA,30294,260000,265578.43815780676,5578.438157806755,0.021455531376179827,5578.438157806755
L20254104,133 S Gladstone Ave,Indianapolis,IN,46201,220000,225553.02145657924,5553.021456579241,0.025241006620814733,5553.021456579241
L20254819,432 N Caldwell Ave,Newton,NC,28658,295000,289486.6525252992,5513.347474700771,-0.018689313473561935,-5513.347474700771
L20254809,1918 Union St,Indianapolis,IN,46225,200000,205510.24208930045,5510.2420893004455,0.027551210446502227,5510.2420893004455
L20254802,5446 Mayfair Crossing Dr,Lithonia,GA,30038,280000,285426.4159010974,5426.415901097411,0.01938005678963361,5426.415901097411
L20254347,404 Oakmont Dr,Kingsport,TN,37663,385000,390390.91682247736,5390.91682247736,0.014002381357084053,5390.91682247736
L20254355,728 Everett St,Burlington,NC,27215,140000,145367.90303625003,5367.903036250034,0.0383421645446431,5367.903036250034
L20254388,551 Favorwood Dr SW,Marietta,GA,30060,400000,394638.0051519801,5361.994848019909,-0.013404987120049772,-5361.994848019909
L20254454,3254 W 74th Ct,Merrillville,IN,46410,280000,274668.6941694062,5331.305830593803,-0.019040377966406438,-5331.305830593803
L20254513,70 W Meadowcliff Cir,Carrollton,GA,30116,240000,234713.403553727,5286.596446273004,-0.022027485192804185,-5286.596446273004
L20254316,3335 Carnegie Ln,Matthews,NC,28105,700000,705280.5099949,5280.5099948999705,0.007543585706999958,5280.5099948999705
L20243724,421 Durant Dr,Fayetteville,NC,28304,170000,175214.35883767644,5214.358837676438,0.03067269904515552,5214.358837676438
L20254522,201 Treasure Loop,Savannah,GA,31410,425000,419830.64159045723,5169.358409542765,-0.012163196257747682,-5169.358409542765
L20254428,4595 Sahara Dr SW,Atlanta,GA,30331,245000,250153.8738172691,5153.873817269108,0.02103621966232289,5153.873817269108
L20254373,921 Campostella Rd,Norfolk,VA,23523,240000,234877.28506825335,5122.714931746654,-0.021344645548944392,-5122.714931746654
L20254613,1152 Burch Ln,Saint Louis,MO,63130,240000,234909.96978761323,5090.030212386773,-0.02120845921827822,-5090.030212386773
L20254107,1528 Bristol Rd,Statesville,NC,28677,270000,264934.07616078516,5065.92383921484,-0.01876268088598089,-5065.92383921484
L20254497,7069 Candlewood Dr,Fayetteville,NC,28314,160000,165042.82570350994,5042.825703509938,0.03151766064693711,5042.825703509938
L20254338,2311 Boulder Rd SE,Atlanta,GA,30316,330000,324968.14902831335,5031.850971686654,-0.015248033247535315,-5031.850971686654
L20254756,189 David Brown Dr,Westfield,IN,46074,320000,324997.2761581296,4997.276158129622,0.015616487994155067,4997.276158129622
L20254182,2942 Larkspur Rd,Florence,SC,29501,250000,254996.0786060271,4996.078606027091,0.019984314424108366,4996.078606027091
L20254317,223 Avonlea Pl,Johnson City,TN,37604,380000,384986.6823726767,4986.682372676674,0.013122848349149143,4986.682372676674
L20254467,214 S Sycamore St,Elizabethton,TN,37643,300000,304976.6230565045,4976.623056504526,0.016588743521681753,4976.623056504526
L20254129,1730 35th St,Columbus,GA,31904,199000,203938.45986948456,4938.459869484563,0.02481638125369127,4938.459869484563
L20254506,2568 Fontaine Cir,Decatur,GA,30032,330000,334920.9030615952,4920.9030615952215,0.014911827459379459,4920.9030615952215
L20254224,3325 Winstead Rd,Rocky Mount,NC,27804,260000,264918.6602392544,4918.6602392544155,0.018917923997132366,4918.6602392544155
L20254149,3046 Central Ave,Indianapolis,IN,46205,330000,325086.7019379393,4913.298062060727,-0.014888782006244626,-4913.298062060727
L20254203,2447 Omaha Rd SW,Atlanta,GA,30331,340000,344884.95416515466,4884.954165154661,0.014367512250454883,4884.954165154661
L20254451,966 Coleman St SW,Atlanta,GA,30310,370000,374878.586652628,4878.5866526279715,0.01318536933142695,4878.5866526279715
L20253954,404 Broad St,Oxford,NC,27565,330000,334869.63946494873,4869.639464948734,0.014756483227117374,4869.639464948734
L20254295,6797 Yorkdale Ct,Lithonia,GA,30058,335000,339842.79282162414,4842.792821624142,0.014456097974997438,4842.792821624142
L20254008,2315 Everena Ave,Fayetteville,NC,28301,220000,215160.68703183666,4839.312968163344,-0.021996877128015197,-4839.312968163344
L20254493,5142 Durban Ct,Columbus,GA,31907,380000,384797.09093474,4797.090934739972,0.01262392351247361,4797.090934739972
L20254959,437 Saint Andrews St,Spartanburg,SC,29306,225000,229794.30369977953,4794.303699779528,0.02130801644346457,4794.303699779528
L20254073,121 Western Ave,Pacific,MO,63069,215000,219787.0654105195,4787.0654105195135,0.02226542051404425,4787.0654105195135
L20254558,119 Holly St,Caldwell,ID,83605,245000,240373.23164150823,4626.768358491769,-0.018884768810170482,-4626.768358491769
L20254914,1326 Wichita Dr SW,Atlanta,GA,30311,315000,319619.05654559296,4619.056545592961,0.014663671573310987,4619.056545592961
L20254082,116 Dunstan Ave,Durham,NC,27707,240000,244594.23058198806,4594.230581988057,0.019142627424950237,4594.230581988057
L20254167,20 Clay St,Erlanger,KY,41018,220000,224482.24281752412,4482.242817524122,0.020373830988746008,4482.242817524122
L20254311,5500 Magazine Rd,Knoxville,TN,37920,210000,205522.5206993824,4477.47930061759,-0.021321330002940904,-4477.47930061759
L20242547,1345 Conway Rd,Decatur,GA,30030,950000,954426.2341931678,4426.234193167766,0.0046591938875450165,4426.234193167766
L20253947,206 W Marion Rd,Greenville,SC,29617,225000,220619.77787802945,4380.222121970553,-0.019467653875424682,-4380.222121970553
L20254374,5007 Irvin Rd,Chattanooga,TN,37416,215000,210681.36979234204,4318.6302076579595,-0.020086652128641674,-4318.6302076579595
L20254911,921 N Emerson Ave,Indianapolis,IN,46219,230000,225686.31315525682,4313.686844743177,-0.01875516019453555,-4313.686844743177
L20254205,8311 W Rachael Dr,Mobile,AL,36695,230000,225693.53024166674,4306.46975833326,-0.018723781557970696,-4306.46975833326
L20254225,3257 Dorian Rd,Fayetteville,NC,28306,190000,194301.24892843774,4301.248928437737,0.02263815225493546,4301.248928437737
L20253974,7710 River Field Dr,Raleigh,NC,27616,240000,235768.41868272054,4231.581317279459,-0.017631588821997744,-4231.581317279459
L20254343,2228 Holt Ave,Columbus,OH,43219,145000,149195.44989525972,4195.4498952597205,0.02893413720868773,4195.4498952597205
L20254604,3416 Commonwealth Ave,Charlotte,NC,28205,710000,714177.6796505499,4177.679650549893,0.00588405584584492,4177.679650549893
L20254431,1400 Central Dr,Kannapolis,NC,28083,380000,384045.07213188696,4045.072131886962,0.010644926662860425,4045.072131886962
L20254152,1901 Thorpshire Dr,Raleigh,NC,27615,770000,773992.0130153903,3992.0130153902574,0.0051844324875198146,3992.0130153902574
L20254160,4250 Ellenwood Ave,Saint Louis,MO,63116,240000,236052.6364527107,3947.3635472893075,-0.01644734811370545,-3947.3635472893075
L20254596,415 Woodsway Dr,Lexington,NC,27292,200000,203926.07409392387,3926.074093923875,0.019630370469619376,3926.074093923875
L20254173,100 Doverdale Rd,Greenville,SC,29615,330000,333910.9671359107,3910.9671359107015,0.011851415563365763,3910.9671359107015
L20254803,1369 Edisons Bright Way,Newton,NC,28658,230000,233903.56829230246,3903.568292302458,0.01697203605348895,3903.568292302458
L20254928,5199 Arch St,Maple Heights,OH,44137,165000,168874.11916107973,3874.119161079725,0.02347951006714985,3874.119161079725
L20254447,3928 Cleveland Ave,Saint Louis,MO,63110,650000,653864.8207958679,3864.8207958679413,0.005945878147489141,3864.8207958679413
L20254687,175 Anderson Ave NW,Atlanta,GA,30314,238000,234326.01807952748,3673.981920472521,-0.015436898825514793,-3673.981920472521
L20254402,4804 Ranchland Dr,Louisville,KY,40216,170000,173671.35081290716,3671.350812907156,0.021596181252395034,3671.350812907156
L20254332,158 Princeton Cir NE,Roanoke,VA,24012,245000,241353.96640037943,3646.0335996205686,-0.014881769794369667,-3646.0335996205686
L20254201,620 W Whitsett St,Graham,NC,27253,280000,283630.55390741804,3630.5539074180415,0.012966263955064434,3630.5539074180415
L20254137,1512 Thriftwood Dr,Charlotte,NC,28208,280000,283497.69548114465,3497.6954811446485,0.012491769575516601,3497.6954811446485
L20243796,706 Davis Heights Dr,Gastonia,NC,28052,170000,173483.17539877864,3483.175398778636,0.020489267051639035,3483.175398778636
L20254505,6345 Edward St,Norfolk,VA,23513,240000,243456.5474423664,3456.547442366398,0.014402281009859992,3456.547442366398
L20254209,913 Grace Dr,Stanley,NC,28164,220000,216642.1637690855,3357.836230914487,-0.015262891958702212,-3357.836230914487
L20254582,210 W Laburnum Ave,Richmond,VA,23222,240000,236671.17754076247,3328.8224592375336,-0.01387009358015639,-3328.8224592375336
L20254463,323 N Meridian St,Lebanon,IN,46052,320000,323280.62989183026,3280.6298918302637,0.010251968411969573,3280.6298918302637
L20254264,1206 Pinebrook Cir,Hendersonville,NC,28739,390000,393276.5485308156,3276.5485308155767,0.00840140648927071,3276.5485308155767
L20254437,1028 Shepherd Grove Rd,Kernersville,NC,27284,275000,271726.1958254756,3273.8041745243827,-0.011904742452815937,-3273.8041745243827
L20254600,1104 Colony Ct,Gastonia,NC,28056,460000,463269.2604865603,3269.2604865602916,0.0071070880142615036,3269.2604865602916
L20254293,3310 Carmel Dr,Douglasville,GA,30135,290000,286734.44100218464,3265.5589978153585,-0.011260548268328821,-3265.5589978153585
L20254069,93 Stone Hill Ct,Durham,NC,27704,240000,243255.86454888814,3255.864548888145,0.013566102287033937,3255.864548888145
L20253978,2352 Englewood Dr,East Pt,GA,30344,240000,236760.6545306836,3239.3454693164094,-0.013497272788818373,-3239.3454693164094
L20254948,859 Elm St SE,Gainesville,GA,30501,220000,223235.61073536763,3235.6107353676343,0.014707321524398338,3235.6107353676343
L20254470,300 E 75th St,Kansas City,MO,64114,390000,393215.6722562495,3215.672256249527,0.00824531347756289,3215.672256249527
L20254475,135 Hilton Rd,Stokesdale,NC,27357,290000,286790.81655518187,3209.1834448181326,-0.011066149809717698,-3209.1834448181326
L20254867,802 Dixon St,Shelby,NC,28152,215000,211877.43377038254,3122.566229617456,-0.014523563858685841,-3122.566229617456
L20254569,1325 Armstrong Rd,Belmont,NC,28012,310000,313065.63753530587,3065.6375353058684,0.00988915333969635,3065.6375353058684
L20254439,2000 Harwood St,Richmond,VA,23224,245000,241997.10993781895,3002.8900621810462,-0.01225669413135121,-3002.8900621810462
L20254872,7770 Hills And Dales Rd NW,Massillon,OH,44646,270000,267015.38497418736,2984.6150258126436,-0.011054129725232013,-2984.6150258126436
L20254076,1520 Guest St,Greensboro,NC,27405,230000,227021.35300765146,2978.646992348542,-0.012950639097167574,-2978.646992348542
L20254050,903 Creech Rd,Garner,NC,27529,390000,392948.0644251618,2948.064425161807,0.007559139551696941,2948.064425161807
L20253951,1941 Shiloh Dr,Fayetteville,NC,28304,205000,207937.12744029207,2937.127440292068,0.014327450928253991,2937.127440292068
L20254583,3043 Orbit Cir,Ellenwood,GA,30294,255000,252079.52058972794,2920.4794102720625,-0.011452860432439461,-2920.4794102720625
L20254500,2714 S Randolph St,Indianapolis,IN,46203,205000,207895.6057941345,2895.6057941344916,0.014124906312851179,2895.6057941344916
L20243905,424 S Harris Ave,Columbus,OH,43204,165000,167876.542537823,2876.5425378229993,0.017433591138321207,2876.5425378229993
L20254880,4017 Old Stone Rd,Charlotte,NC,28226,775000,777867.8444980779,2867.844498077873,0.0037004445136488684,2867.844498077873
L20254289,2534 Druid Hills Way,Charlotte,NC,28206,250000,252799.12563844727,2799.1256384472654,0.011196502553789062,2799.1256384472654
L20254257,2582 Springdale Rd SW,Atlanta,GA,30315,275000,277759.56616625754,2759.566166257544,0.01003478605911834,2759.566166257544
L20254128,1617 22nd St,Winston Salem,NC,27105,235000,237692.25174379835,2692.251743798348,0.011456390399141906,2692.251743798348
L20254523,421 Doak St,Thomasville,NC,27360,170000,167309.2088212606,2690.791178739397,-0.015828183404349393,-2690.791178739397
L20243893,910 Avenue A,Knoxville,TN,37920,375000,372338.6801979878,2661.319802012178,-0.007096852805365809,-2661.319802012178
L20254525,4245 W County Line Rd,Greenwood,IN,46142,220000,222567.75400489793,2567.754004897928,0.0116716091131724,2567.754004897928
L20254096,1305 Hendren Cir,Raleigh,NC,27610,330000,332502.870376279,2502.8703762789955,0.007584455685693926,2502.8703762789955
L20254123,133 New Castle Ave,Belvedere,SC,29841,260000,257508.22103183385,2491.7789681661525,-0.00958376526217751,-2491.7789681661525
L20254421,187 Beechwood Dr,Madison Heights,VA,24572,220000,217555.36608665195,2444.6339133480506,-0.01111197233340023,-2444.6339133480506
L20254464,5520 Speedway Dr,Indianapolis,IN,46224,275000,272565.9711294221,2434.028870577924,-0.008851014074828814,-2434.028870577924
L20254151,1519 Briarfield Dr,Charlotte,NC,28205,390000,392342.08220551186,2342.0822055118624,0.006005338988491955,2342.0822055118624
L20254387,13001 Greycrest Dr,Charlotte,NC,28278,415000,412696.4408623129,2303.559137687087,-0.0055507449100893665,-2303.559137687087
L20254958,290 Hydrick St,Spartanburg,SC,29306,280000,282185.60728100996,2185.6072810099577,0.007805740289321277,2185.6072810099577
L20254142,4921 Birmingham Dr,Indianapolis,IN,46235,285000,287119.23982450785,2119.239824507851,0.007435929208799478,2119.239824507851
L20254455,8616 Fallsdale Dr,Charlotte,NC,28214,450000,452105.4982698245,2105.4982698244858,0.004678885044054413,2105.4982698244858
L20253963,8514 E 36th Pl,Indianapolis,IN,46226,225000,227081.49631159828,2081.496311598283,0.00925109471821459,2081.496311598283
L20254186,412 N Main St,Roxboro,NC,27573,225000,222952.7779906695,2047.2220093304932,-0.009098764485913303,-2047.2220093304932
L20254212,389 Christine Ct,Winston Salem,NC,27127,340000,341935.11757476703,1935.117574767035,0.005691522278726573,1935.117574767035
L20254371,5832 Norcroft Dr,Indianapolis,IN,46221,270000,271901.6434929739,1901.6434929738753,0.00704312404805139,1901.6434929738753
L20254059,18177 Country Trails Ct,Glencoe,MO,63038,615000,616858.6854985527,1858.6854985527461,0.0030222528431751968,1858.6854985527461
L20254266,3415 Cleveland Ave SW,Canton,OH,44706,205000,203250.78130584085,1749.21869415915,-0.008532774117849511,-1749.21869415915
L20254633,40 Joyce Ct,McDonough,GA,30253,280000,278297.47777525644,1702.5222247435595,-0.006080436516941284,-1702.5222247435595
L20254175,4060 Sumit Wood Dr NW,Kennesaw,GA,30152,330000,331697.4979689542,1697.4979689542088,0.005143933239255178,1697.4979689542088
L20254565,616 E 33rd St,Savannah,GA,31401,320000,321580.99741650827,1580.9974165082676,0.0049406169265883365,1580.9974165082676
L20254231,3415 Cauthen Dr,Augusta,GA,30906,170000,168438.44441081022,1561.555589189782,-0.00918562111288107,-1561.555589189782
L20254602,1300 E Beardsley Ave,Elkhart,IN,46514,190000,188472.28857893564,1527.711421064363,-0.008040586426654542,-1527.711421064363
L20254453,13328 Sherman St,Cedar Lake,IN,46303,280000,278490.0481323881,1509.9518676119042,-0.0053926852414710865,-1509.9518676119042
L20254878,227 S Caldwell Ave,Newton,NC,28658,230000,231465.8302536357,1465.8302536357078,0.006373175015807425,1465.8302536357078
L20254281,1325 Smith Rd,Columbus,OH,43207,265000,263559.6313533618,1440.3686466381769,-0.00543535338354029,-1440.3686466381769
L20254664,3320 Winterfield Pl,Charlotte,NC,28205,650000,648578.1208059485,1421.879194051493,-0.0021875064523869123,-1421.879194051493
L20254301,6797 Lombard Ct,Lithonia,GA,30058,330000,328598.6266393158,1401.3733606841997,-0.004246585941467272,-1401.3733606841997
L20254030,2122 S Marietta St,Gastonia,NC,28054,170000,168599.3152080935,1400.684791906504,-0.008239322305332376,-1400.684791906504
L20254001,14627 Laquinta Dr,Grandview,MO,64030,325000,323605.09132101975,1394.9086789802532,-0.004292026704554625,-1394.9086789802532
L20243783,8009 Shaker Pond Ln,Waxhaw,NC,28173,700000,698644.7630545695,1355.2369454305153,-0.0019360527791864506,-1355.2369454305153
L20254103,4017 Heritage Valley Ct,Norcross,GA,30093,230000,228648.12611594767,1351.8738840523292,-0.0058777125393579535,-1351.8738840523292
L20254575,7094 Deshon Bend Cir,Lithonia,GA,30058,340000,338669.32054669637,1330.67945330363,-0.003913763097951853,-1330.67945330363
L20254319,2703 Hillvale Cove Dr,Lithonia,GA,30058,285000,286322.7726096521,1322.7726096520782,0.004641307402287994,1322.7726096520782
L20243878,1122 E Park Dr,Gastonia,NC,28054,230000,231270.2805147592,1270.2805147591862,0.005522958759822548,1270.2805147591862
L20254597,417 Price Dr,Birmingham,AL,35215,155000,153777.59556829734,1222.4044317026564,-0.007886480204533267,-1222.4044317026564
L20254207,1811 S Hairston Rd,Stone Mountain,GA,30088,225000,226143.070413642,1143.07041364201,0.005080312949520044,1143.07041364201
L20254478,2327 Sadler Ln,Melbourne,FL,32935,270000,271126.0628557602,1126.0628557602176,0.004170603169482288,1126.0628557602176
L20254648,313 E Sumter St,Shelby,NC,28150,145000,146074.81754726204,1074.817547262035,0.00741253480870369,1074.817547262035
L20254498,8391 Dimmick Rd,West Chester,OH,45241,665000,663942.6491491547,1057.3508508453378,-0.0015900012794666735,-1057.3508508453378
L20254553,330 E 246th St,Euclid,OH,44123,175000,176018.40516352947,1018.4051635294745,0.005819458077311283,1018.4051635294745
L20254350,3114 Leftwich St NW,Huntsville,AL,35810,200000,198998.0872689287,1001.9127310712938,-0.0050095636553564695,-1001.9127310712938
L20254778,2627 Dora Dr,Charlotte,NC,28215,310000,309003.6258250069,996.3741749930778,-0.003214110241913154,-996.3741749930778
L20254488,732 Cascade Ave SW,Atlanta,GA,30310,410000,410988.8733842386,988.8733842386282,0.0024118863030210443,988.8733842386282
L20254275,609 Regina Dr,Spring Lake,NC,28390,230000,229018.19491436845,981.8050856315531,-0.004268717763615448,-981.8050856315531
L20254323,1211 Odyssey Dr,Durham,NC,27713,420000,420951.85361662006,951.8536166200647,0.002266318134809678,951.8536166200647
L20254611,3305 Dueber Ave SW,Canton,OH,44706,230000,230907.46149978845,907.4614997884491,0.00394548478168891,907.4614997884491
L20243906,3307 N College Ave,Indianapolis,IN,46205,340000,339125.7459931814,874.2540068185772,-0.002571335314172286,-874.2540068185772
L20254081,1438 Elliotts Ln,Auburn,GA,30011,350000,350842.0091993667,842.009199366672,0.002405740569619063,842.009199366672
L20254109,421 Libeth Pl,Fayetteville,NC,28314,150000,150742.86322676524,742.8632267652429,0.004952421511768286,742.8632267652429
L20254339,401 Waterwood Bnd,Peachtree City,GA,30269,900000,900702.8601173554,702.8601173553616,0.0007809556859504018,702.8601173553616
L20254145,254 Kensington Rd,Vermilion,OH,44089,170000,169496.3931527263,503.6068472737097,-0.002962393219257116,-503.6068472737097
L20254737,1024 Oakwood Chase Cir,Stone Mountain,GA,30083,275000,274518.1471715411,481.85282845888287,-0.0017521921034868468,-481.85282845888287
L20254178,3866 Conley Downs Dr,Decatur,GA,30034,200000,200430.3493207788,430.34932077879785,0.002151746603893989,430.34932077879785
L20243895,445 Independence Dr,Jonesboro,GA,30238,235000,234612.20200672338,387.7979932766175,-0.0016502042267090107,-387.7979932766175
L20254208,15 Bourbon St,Fuquay Varina,NC,27526,285000,284637.29978012876,362.70021987124346,-0.0012726323504254156,-362.70021987124346
L20254426,2412 Forrest Park Rd SE,Atlanta,GA,30315,275000,274655.2169310264,344.78306897357106,-0.0012537566144493492,-344.78306897357106
L20254155,2501 Pleasant View Rd,Knoxville,TN,37914,375000,375317.1444744901,317.14447449008003,0.0008457185986402134,317.14447449008003
L20254652,2015 Lullwater Cir,Jonesboro,GA,30236,250000,249744.16147496444,255.8385250355641,-0.0010233541001422564,-255.8385250355641
L20254334,4113 Radcliffe Ct,Decatur,GA,30034,275000,275248.4616173553,248.46161735529313,0.0009034967903828841,248.46161735529313
L20254072,1821 Back Creek Ct,Asheboro,NC,27205,385000,385235.4781994879,235.4781994879013,0.0006116316869815618,235.4781994879013
L20254406,2050 Cherokee Ct,Macon,GA,31217,150000,149835.52482685164,164.47517314835568,-0.0010965011543223712,-164.47517314835568
L20254828,3900 Branding Iron Dr,Gastonia,NC,28052,220000,219862.43162298703,137.568377012969,-0.0006253108046044045,-137.568377012969
L20254531,2321 Trescott Dr,Tallahassee,FL,32308,710000,709865.2666645901,134.73333540989552,-0.0001897652611406979,-134.73333540989552
L20254044,1646 Hurt Rd SW,Marietta,GA,30008,335000,335103.96315836883,103.9631583688315,0.0003103377861756164,103.9631583688315
L20254584,1609 Acadia St,Durham,NC,27701,700000,699904.5351048806,95.46489511942491,-0.00013637842159917843,-95.46489511942491
L20254326,203 S Johnson Ave,Bloomington,IN,47404,220000,219918.13206453616,81.86793546384433,-0.00037212697938111063,-81.86793546384433
L20254825,558 Allendale Dr,Decatur,GA,30032,765000,764926.1080274989,73.89197250106372,-9.659081372688067e-05,-73.89197250106372
L20254861,453 Lucerne Dr,Spartanburg,SC,29302,220000,220029.1158681998,29.115868199791294,0.0001323448554535968,29.115868199791294
